,jpg_name,dmap_name
0,7.jpg,7.npy
1,9.jpg,9.npy
2,19.jpg,19.npy
3,20.jpg,20.npy
4,21.jpg,21.npy
5,22.jpg,22.npy
6,23.jpg,23.npy
7,24.jpg,24.npy
8,26.jpg,26.npy
9,27.jpg,27.npy
10,28.jpg,28.npy
11,29.jpg,29.npy
12,31.jpg,31.npy
13,32.jpg,32.npy
14,33.jpg,33.npy
15,34.jpg,34.npy
16,35.jpg,35.npy
17,36.jpg,36.npy
18,39.jpg,39.npy
19,40.jpg,40.npy
20,41.jpg,41.npy
21,42.jpg,42.npy
22,43.jpg,43.npy
23,44.jpg,44.npy
24,45.jpg,45.npy
25,46.jpg,46.npy
26,47.jpg,47.npy
27,48.jpg,48.npy
28,49.jpg,49.npy
29,50.jpg,50.npy
30,52.jpg,52.npy
31,53.jpg,53.npy
32,54.jpg,54.npy
33,55.jpg,55.npy
34,56.jpg,56.npy
35,58.jpg,58.npy
36,59.jpg,59.npy
37,60.jpg,60.npy
38,61.jpg,61.npy
39,62.jpg,62.npy
40,63.jpg,63.npy
41,64.jpg,64.npy
42,65.jpg,65.npy
43,66.jpg,66.npy
44,68.jpg,68.npy
45,69.jpg,69.npy
46,70.jpg,70.npy
47,71.jpg,71.npy
48,72.jpg,72.npy
49,74.jpg,74.npy
50,75.jpg,75.npy
51,76.jpg,76.npy
52,77.jpg,77.npy
53,78.jpg,78.npy
54,79.jpg,79.npy
55,80.jpg,80.npy
56,81.jpg,81.npy
57,82.jpg,82.npy
58,83.jpg,83.npy
59,84.jpg,84.npy
60,85.jpg,85.npy
61,86.jpg,86.npy
62,87.jpg,87.npy
63,90.jpg,90.npy
64,91.jpg,91.npy
65,92.jpg,92.npy
66,93.jpg,93.npy
67,94.jpg,94.npy
68,95.jpg,95.npy
69,97.jpg,97.npy
70,98.jpg,98.npy
71,99.jpg,99.npy
72,187.jpg,187.npy
73,188.jpg,188.npy
74,189.jpg,189.npy
75,199.jpg,199.npy
76,200.jpg,200.npy
77,201.jpg,201.npy
78,202.jpg,202.npy
79,204.jpg,204.npy
80,205.jpg,205.npy
81,207.jpg,207.npy
82,208.jpg,208.npy
83,209.jpg,209.npy
84,210.jpg,210.npy
85,211.jpg,211.npy
86,212.jpg,212.npy
87,213.jpg,213.npy
88,258.jpg,258.npy
89,259.jpg,259.npy
90,260.jpg,260.npy
91,261.jpg,261.npy
92,263.jpg,263.npy
93,264.jpg,264.npy
94,265.jpg,265.npy
95,267.jpg,267.npy
96,268.jpg,268.npy
97,269.jpg,269.npy
98,270.jpg,270.npy
99,272.jpg,272.npy
100,274.jpg,274.npy
101,275.jpg,275.npy
102,276.jpg,276.npy
103,277.jpg,277.npy
104,279.jpg,279.npy
105,280.jpg,280.npy
106,282.jpg,282.npy
107,283.jpg,283.npy
108,284.jpg,284.npy
109,353.jpg,353.npy
110,354.jpg,354.npy
111,355.jpg,355.npy
112,356.jpg,356.npy
113,357.jpg,357.npy
114,358.jpg,358.npy
115,359.jpg,359.npy
116,360.jpg,360.npy
117,361.jpg,361.npy
118,362.jpg,362.npy
119,363.jpg,363.npy
120,364.jpg,364.npy
121,365.jpg,365.npy
122,366.jpg,366.npy
123,367.jpg,367.npy
124,369.jpg,369.npy
125,370.jpg,370.npy
126,372.jpg,372.npy
127,373.jpg,373.npy
128,374.jpg,374.npy
129,375.jpg,375.npy
130,376.jpg,376.npy
131,377.jpg,377.npy
132,378.jpg,378.npy
133,379.jpg,379.npy
134,380.jpg,380.npy
135,381.jpg,381.npy
136,382.jpg,382.npy
137,383.jpg,383.npy
138,385.jpg,385.npy
139,386.jpg,386.npy
140,387.jpg,387.npy
141,388.jpg,388.npy
142,390.jpg,390.npy
143,391.jpg,391.npy
144,392.jpg,392.npy
145,394.jpg,394.npy
146,395.jpg,395.npy
147,396.jpg,396.npy
148,397.jpg,397.npy
149,399.jpg,399.npy
150,400.jpg,400.npy
151,401.jpg,401.npy
152,402.jpg,402.npy
153,403.jpg,403.npy
154,404.jpg,404.npy
155,405.jpg,405.npy
156,406.jpg,406.npy
157,408.jpg,408.npy
158,409.jpg,409.npy
159,410.jpg,410.npy
160,411.jpg,411.npy
161,412.jpg,412.npy
162,413.jpg,413.npy
163,414.jpg,414.npy
164,415.jpg,415.npy
165,416.jpg,416.npy
166,417.jpg,417.npy
167,418.jpg,418.npy
168,419.jpg,419.npy
169,420.jpg,420.npy
170,421.jpg,421.npy
171,422.jpg,422.npy
172,423.jpg,423.npy
173,424.jpg,424.npy
174,426.jpg,426.npy
175,427.jpg,427.npy
176,428.jpg,428.npy
177,429.jpg,429.npy
178,431.jpg,431.npy
179,432.jpg,432.npy
180,433.jpg,433.npy
181,434.jpg,434.npy
182,435.jpg,435.npy
183,436.jpg,436.npy
184,437.jpg,437.npy
185,438.jpg,438.npy
186,439.jpg,439.npy
187,440.jpg,440.npy
188,441.jpg,441.npy
189,442.jpg,442.npy
190,443.jpg,443.npy
191,444.jpg,444.npy
192,445.jpg,445.npy
193,449.jpg,449.npy
194,450.jpg,450.npy
195,451.jpg,451.npy
196,452.jpg,452.npy
197,453.jpg,453.npy
198,455.jpg,455.npy
199,456.jpg,456.npy
200,457.jpg,457.npy
201,458.jpg,458.npy
202,459.jpg,459.npy
203,460.jpg,460.npy
204,461.jpg,461.npy
205,462.jpg,462.npy
206,463.jpg,463.npy
207,464.jpg,464.npy
208,465.jpg,465.npy
209,470.jpg,470.npy
210,471.jpg,471.npy
211,472.jpg,472.npy
212,473.jpg,473.npy
213,475.jpg,475.npy
214,476.jpg,476.npy
215,478.jpg,478.npy
216,479.jpg,479.npy
217,480.jpg,480.npy
218,481.jpg,481.npy
219,482.jpg,482.npy
220,483.jpg,483.npy
221,484.jpg,484.npy
222,485.jpg,485.npy
223,486.jpg,486.npy
224,487.jpg,487.npy
225,488.jpg,488.npy
226,489.jpg,489.npy
227,490.jpg,490.npy
228,491.jpg,491.npy
229,492.jpg,492.npy
230,493.jpg,493.npy
231,494.jpg,494.npy
232,495.jpg,495.npy
233,496.jpg,496.npy
234,497.jpg,497.npy
235,498.jpg,498.npy
236,499.jpg,499.npy
237,500.jpg,500.npy
238,501.jpg,501.npy
239,502.jpg,502.npy
240,503.jpg,503.npy
241,504.jpg,504.npy
242,505.jpg,505.npy
243,507.jpg,507.npy
244,508.jpg,508.npy
245,509.jpg,509.npy
246,510.jpg,510.npy
247,512.jpg,512.npy
248,513.jpg,513.npy
249,515.jpg,515.npy
250,516.jpg,516.npy
251,517.jpg,517.npy
252,518.jpg,518.npy
253,519.jpg,519.npy
254,520.jpg,520.npy
255,521.jpg,521.npy
256,522.jpg,522.npy
257,523.jpg,523.npy
258,524.jpg,524.npy
259,525.jpg,525.npy
260,526.jpg,526.npy
261,527.jpg,527.npy
262,528.jpg,528.npy
263,529.jpg,529.npy
264,531.jpg,531.npy
265,532.jpg,532.npy
266,533.jpg,533.npy
267,534.jpg,534.npy
268,535.jpg,535.npy
269,536.jpg,536.npy
270,538.jpg,538.npy
271,539.jpg,539.npy
272,540.jpg,540.npy
273,541.jpg,541.npy
274,542.jpg,542.npy
275,543.jpg,543.npy
276,544.jpg,544.npy
277,545.jpg,545.npy
278,546.jpg,546.npy
279,547.jpg,547.npy
280,548.jpg,548.npy
281,549.jpg,549.npy
282,550.jpg,550.npy
283,551.jpg,551.npy
284,552.jpg,552.npy
285,553.jpg,553.npy
286,627.jpg,627.npy
287,628.jpg,628.npy
288,629.jpg,629.npy
289,630.jpg,630.npy
290,632.jpg,632.npy
291,633.jpg,633.npy
292,634.jpg,634.npy
293,635.jpg,635.npy
294,636.jpg,636.npy
295,637.jpg,637.npy
296,638.jpg,638.npy
297,639.jpg,639.npy
298,640.jpg,640.npy
299,642.jpg,642.npy
300,643.jpg,643.npy
301,644.jpg,644.npy
302,645.jpg,645.npy
303,646.jpg,646.npy
304,647.jpg,647.npy
305,648.jpg,648.npy
306,649.jpg,649.npy
307,650.jpg,650.npy
308,651.jpg,651.npy
309,652.jpg,652.npy
310,653.jpg,653.npy
311,655.jpg,655.npy
312,656.jpg,656.npy
313,657.jpg,657.npy
314,658.jpg,658.npy
315,659.jpg,659.npy
316,662.jpg,662.npy
317,663.jpg,663.npy
318,664.jpg,664.npy
319,665.jpg,665.npy
320,666.jpg,666.npy
321,667.jpg,667.npy
322,668.jpg,668.npy
323,669.jpg,669.npy
324,670.jpg,670.npy
325,671.jpg,671.npy
326,672.jpg,672.npy
327,674.jpg,674.npy
328,675.jpg,675.npy
329,676.jpg,676.npy
330,677.jpg,677.npy
331,678.jpg,678.npy
332,679.jpg,679.npy
333,683.jpg,683.npy
334,720.jpg,720.npy
335,721.jpg,721.npy
336,722.jpg,722.npy
337,723.jpg,723.npy
338,724.jpg,724.npy
339,725.jpg,725.npy
340,727.jpg,727.npy
341,728.jpg,728.npy
342,729.jpg,729.npy
343,730.jpg,730.npy
344,731.jpg,731.npy
345,732.jpg,732.npy
346,733.jpg,733.npy
347,779.jpg,779.npy
348,780.jpg,780.npy
349,782.jpg,782.npy
350,783.jpg,783.npy
351,784.jpg,784.npy
352,785.jpg,785.npy
353,786.jpg,786.npy
354,788.jpg,788.npy
355,789.jpg,789.npy
356,790.jpg,790.npy
357,791.jpg,791.npy
358,792.jpg,792.npy
359,793.jpg,793.npy
360,794.jpg,794.npy
361,795.jpg,795.npy
362,796.jpg,796.npy
363,797.jpg,797.npy
364,799.jpg,799.npy
365,801.jpg,801.npy
366,802.jpg,802.npy
367,803.jpg,803.npy
368,804.jpg,804.npy
369,805.jpg,805.npy
370,806.jpg,806.npy
371,878.jpg,878.npy
372,879.jpg,879.npy
373,880.jpg,880.npy
374,881.jpg,881.npy
375,882.jpg,882.npy
376,883.jpg,883.npy
377,885.jpg,885.npy
378,886.jpg,886.npy
379,887.jpg,887.npy
380,888.jpg,888.npy
381,889.jpg,889.npy
382,890.jpg,890.npy
383,891.jpg,891.npy
384,892.jpg,892.npy
385,893.jpg,893.npy
386,894.jpg,894.npy
387,895.jpg,895.npy
388,896.jpg,896.npy
389,897.jpg,897.npy
390,898.jpg,898.npy
391,899.jpg,899.npy
392,900.jpg,900.npy
393,902.jpg,902.npy
394,1074.jpg,1074.npy
395,1077.jpg,1077.npy
396,1084.jpg,1084.npy
397,1085.jpg,1085.npy
398,1087.jpg,1087.npy
399,1246.jpg,1246.npy
400,1282.jpg,1282.npy
401,1306.jpg,1306.npy
402,1325.jpg,1325.npy
403,1328.jpg,1328.npy
404,1625.jpg,1625.npy
405,1636.jpg,1636.npy
406,1668.jpg,1668.npy
407,1762.jpg,1762.npy
408,1768.jpg,1768.npy
409,1772.jpg,1772.npy
410,1861.jpg,1861.npy
411,1863.jpg,1863.npy
412,1864.jpg,1864.npy
413,1866.jpg,1866.npy
414,1867.jpg,1867.npy
415,1868.jpg,1868.npy
416,1872.jpg,1872.npy
417,2057.jpg,2057.npy
418,2058.jpg,2058.npy
419,2059.jpg,2059.npy
420,2060.jpg,2060.npy
421,2061.jpg,2061.npy
422,2062.jpg,2062.npy
423,2063.jpg,2063.npy
424,2064.jpg,2064.npy
425,2065.jpg,2065.npy
426,2068.jpg,2068.npy
427,2069.jpg,2069.npy
428,2070.jpg,2070.npy
429,2071.jpg,2071.npy
430,2072.jpg,2072.npy
431,2073.jpg,2073.npy
432,2074.jpg,2074.npy
433,2076.jpg,2076.npy
434,2079.jpg,2079.npy
435,2080.jpg,2080.npy
436,2081.jpg,2081.npy
437,2083.jpg,2083.npy
438,2084.jpg,2084.npy
439,2085.jpg,2085.npy
440,2086.jpg,2086.npy
441,2087.jpg,2087.npy
442,2088.jpg,2088.npy
443,2089.jpg,2089.npy
444,2090.jpg,2090.npy
445,2091.jpg,2091.npy
446,2092.jpg,2092.npy
447,2093.jpg,2093.npy
448,2094.jpg,2094.npy
449,2095.jpg,2095.npy
450,2096.jpg,2096.npy
451,2097.jpg,2097.npy
452,2098.jpg,2098.npy
453,2099.jpg,2099.npy
454,2101.jpg,2101.npy
455,2102.jpg,2102.npy
456,2103.jpg,2103.npy
457,2104.jpg,2104.npy
458,2106.jpg,2106.npy
459,2107.jpg,2107.npy
460,2108.jpg,2108.npy
461,2109.jpg,2109.npy
462,2110.jpg,2110.npy
463,2111.jpg,2111.npy
464,2112.jpg,2112.npy
465,2113.jpg,2113.npy
466,2114.jpg,2114.npy
467,2115.jpg,2115.npy
468,2116.jpg,2116.npy
469,2117.jpg,2117.npy
470,2118.jpg,2118.npy
471,2119.jpg,2119.npy
472,2121.jpg,2121.npy
473,2122.jpg,2122.npy
474,2123.jpg,2123.npy
475,2124.jpg,2124.npy
476,2127.jpg,2127.npy
477,2128.jpg,2128.npy
478,2129.jpg,2129.npy
479,2130.jpg,2130.npy
480,2131.jpg,2131.npy
481,2132.jpg,2132.npy
482,2133.jpg,2133.npy
483,2134.jpg,2134.npy
484,2135.jpg,2135.npy
485,2136.jpg,2136.npy
486,2289.jpg,2289.npy
487,2293.jpg,2293.npy
488,2320.jpg,2320.npy
489,2321.jpg,2321.npy
490,2322.jpg,2322.npy
491,2323.jpg,2323.npy
492,2326.jpg,2326.npy
493,2327.jpg,2327.npy
494,2328.jpg,2328.npy
495,2330.jpg,2330.npy
496,2332.jpg,2332.npy
497,2333.jpg,2333.npy
498,2335.jpg,2335.npy
499,2342.jpg,2342.npy
500,2343.jpg,2343.npy
501,2344.jpg,2344.npy
502,2347.jpg,2347.npy
503,2348.jpg,2348.npy
504,2353.jpg,2353.npy
505,2354.jpg,2354.npy
506,2355.jpg,2355.npy
507,2356.jpg,2356.npy
508,2357.jpg,2357.npy
509,2359.jpg,2359.npy
510,2360.jpg,2360.npy
511,2361.jpg,2361.npy
512,2367.jpg,2367.npy
513,2369.jpg,2369.npy
514,2373.jpg,2373.npy
515,2378.jpg,2378.npy
516,2379.jpg,2379.npy
517,2387.jpg,2387.npy
518,2390.jpg,2390.npy
519,2391.jpg,2391.npy
520,2394.jpg,2394.npy
521,2398.jpg,2398.npy
522,2399.jpg,2399.npy
523,2400.jpg,2400.npy
524,2401.jpg,2401.npy
525,2402.jpg,2402.npy
526,2403.jpg,2403.npy
527,2415.jpg,2415.npy
528,2416.jpg,2416.npy
529,2417.jpg,2417.npy
530,2418.jpg,2418.npy
531,2419.jpg,2419.npy
532,2420.jpg,2420.npy
533,2421.jpg,2421.npy
534,2422.jpg,2422.npy
535,2423.jpg,2423.npy
536,2424.jpg,2424.npy
537,2425.jpg,2425.npy
538,2426.jpg,2426.npy
539,2427.jpg,2427.npy
540,2428.jpg,2428.npy
541,2429.jpg,2429.npy
542,2430.jpg,2430.npy
543,2431.jpg,2431.npy
544,2432.jpg,2432.npy
545,2434.jpg,2434.npy
546,2435.jpg,2435.npy
547,2437.jpg,2437.npy
548,2438.jpg,2438.npy
549,2439.jpg,2439.npy
550,2440.jpg,2440.npy
551,2441.jpg,2441.npy
552,2442.jpg,2442.npy
553,2444.jpg,2444.npy
554,2445.jpg,2445.npy
555,2446.jpg,2446.npy
556,2447.jpg,2447.npy
557,2449.jpg,2449.npy
558,2450.jpg,2450.npy
559,2452.jpg,2452.npy
560,2453.jpg,2453.npy
561,2454.jpg,2454.npy
562,2455.jpg,2455.npy
563,2456.jpg,2456.npy
564,2457.jpg,2457.npy
565,2458.jpg,2458.npy
566,2459.jpg,2459.npy
567,2460.jpg,2460.npy
568,2461.jpg,2461.npy
569,2462.jpg,2462.npy
570,2463.jpg,2463.npy
571,2465.jpg,2465.npy
572,2466.jpg,2466.npy
573,2467.jpg,2467.npy
574,2468.jpg,2468.npy
575,2469.jpg,2469.npy
576,2470.jpg,2470.npy
577,2471.jpg,2471.npy
578,2472.jpg,2472.npy
579,2473.jpg,2473.npy
580,2474.jpg,2474.npy
581,2476.jpg,2476.npy
582,2477.jpg,2477.npy
583,2478.jpg,2478.npy
584,2479.jpg,2479.npy
585,2480.jpg,2480.npy
586,2481.jpg,2481.npy
587,2482.jpg,2482.npy
588,2483.jpg,2483.npy
589,2484.jpg,2484.npy
590,2485.jpg,2485.npy
591,2486.jpg,2486.npy
592,2487.jpg,2487.npy
593,2488.jpg,2488.npy
594,2489.jpg,2489.npy
595,2490.jpg,2490.npy
596,2491.jpg,2491.npy
597,2492.jpg,2492.npy
598,2494.jpg,2494.npy
599,2495.jpg,2495.npy
600,2496.jpg,2496.npy
601,2497.jpg,2497.npy
602,2498.jpg,2498.npy
603,2499.jpg,2499.npy
604,2500.jpg,2500.npy
605,2501.jpg,2501.npy
606,2502.jpg,2502.npy
607,2503.jpg,2503.npy
608,2504.jpg,2504.npy
609,2506.jpg,2506.npy
610,2507.jpg,2507.npy
611,2508.jpg,2508.npy
612,2509.jpg,2509.npy
613,2510.jpg,2510.npy
614,2511.jpg,2511.npy
615,2512.jpg,2512.npy
616,2513.jpg,2513.npy
617,2514.jpg,2514.npy
618,2515.jpg,2515.npy
619,2516.jpg,2516.npy
620,2517.jpg,2517.npy
621,2518.jpg,2518.npy
622,2519.jpg,2519.npy
623,2520.jpg,2520.npy
624,2521.jpg,2521.npy
625,2522.jpg,2522.npy
626,2523.jpg,2523.npy
627,2524.jpg,2524.npy
628,2525.jpg,2525.npy
629,2526.jpg,2526.npy
630,2527.jpg,2527.npy
631,2528.jpg,2528.npy
632,2529.jpg,2529.npy
633,2530.jpg,2530.npy
634,2531.jpg,2531.npy
635,2533.jpg,2533.npy
636,2534.jpg,2534.npy
637,2536.jpg,2536.npy
638,2537.jpg,2537.npy
639,2538.jpg,2538.npy
640,2539.jpg,2539.npy
641,2540.jpg,2540.npy
642,2541.jpg,2541.npy
643,2543.jpg,2543.npy
644,2545.jpg,2545.npy
645,2546.jpg,2546.npy
646,2547.jpg,2547.npy
647,2550.jpg,2550.npy
648,2552.jpg,2552.npy
649,2553.jpg,2553.npy
650,2554.jpg,2554.npy
651,2555.jpg,2555.npy
652,2556.jpg,2556.npy
653,2557.jpg,2557.npy
654,2558.jpg,2558.npy
655,2559.jpg,2559.npy
656,2561.jpg,2561.npy
657,2562.jpg,2562.npy
658,2565.jpg,2565.npy
659,2566.jpg,2566.npy
660,2567.jpg,2567.npy
661,2570.jpg,2570.npy
662,2572.jpg,2572.npy
663,2573.jpg,2573.npy
664,2575.jpg,2575.npy
665,2580.jpg,2580.npy
666,2583.jpg,2583.npy
667,2584.jpg,2584.npy
668,2585.jpg,2585.npy
669,2586.jpg,2586.npy
670,2590.jpg,2590.npy
671,2591.jpg,2591.npy
672,2596.jpg,2596.npy
673,2598.jpg,2598.npy
674,2600.jpg,2600.npy
675,2601.jpg,2601.npy
676,2602.jpg,2602.npy
677,2605.jpg,2605.npy
678,2621.jpg,2621.npy
679,2624.jpg,2624.npy
680,2625.jpg,2625.npy
681,2628.jpg,2628.npy
682,2630.jpg,2630.npy
683,2631.jpg,2631.npy
684,2635.jpg,2635.npy
685,2636.jpg,2636.npy
686,2637.jpg,2637.npy
687,2639.jpg,2639.npy
688,2640.jpg,2640.npy
689,2641.jpg,2641.npy
690,2642.jpg,2642.npy
691,2644.jpg,2644.npy
692,2646.jpg,2646.npy
693,2647.jpg,2647.npy
694,2648.jpg,2648.npy
695,2650.jpg,2650.npy
696,2651.jpg,2651.npy
697,2653.jpg,2653.npy
698,2654.jpg,2654.npy
699,2659.jpg,2659.npy
700,2660.jpg,2660.npy
701,2661.jpg,2661.npy
702,2662.jpg,2662.npy
703,2663.jpg,2663.npy
704,2664.jpg,2664.npy
705,2665.jpg,2665.npy
706,2667.jpg,2667.npy
707,2668.jpg,2668.npy
708,2670.jpg,2670.npy
709,2671.jpg,2671.npy
710,2672.jpg,2672.npy
711,2673.jpg,2673.npy
712,2674.jpg,2674.npy
713,2676.jpg,2676.npy
714,2679.jpg,2679.npy
715,2680.jpg,2680.npy
716,2681.jpg,2681.npy
717,2682.jpg,2682.npy
718,2683.jpg,2683.npy
719,2684.jpg,2684.npy
720,2686.jpg,2686.npy
721,2687.jpg,2687.npy
722,2688.jpg,2688.npy
723,2689.jpg,2689.npy
724,2690.jpg,2690.npy
725,2694.jpg,2694.npy
726,2695.jpg,2695.npy
727,2696.jpg,2696.npy
728,2697.jpg,2697.npy
729,2698.jpg,2698.npy
730,2699.jpg,2699.npy
731,2700.jpg,2700.npy
732,2701.jpg,2701.npy
733,2702.jpg,2702.npy
734,2703.jpg,2703.npy
735,2704.jpg,2704.npy
736,2705.jpg,2705.npy
737,2706.jpg,2706.npy
738,2707.jpg,2707.npy
739,2708.jpg,2708.npy
740,2709.jpg,2709.npy
741,2710.jpg,2710.npy
742,2713.jpg,2713.npy
743,2715.jpg,2715.npy
744,2716.jpg,2716.npy
745,2717.jpg,2717.npy
746,2718.jpg,2718.npy
747,2719.jpg,2719.npy
748,2720.jpg,2720.npy
749,2721.jpg,2721.npy
750,2722.jpg,2722.npy
751,2723.jpg,2723.npy
752,2724.jpg,2724.npy
753,2725.jpg,2725.npy
754,2726.jpg,2726.npy
755,2727.jpg,2727.npy
756,2728.jpg,2728.npy
757,2729.jpg,2729.npy
758,2730.jpg,2730.npy
759,2731.jpg,2731.npy
760,2732.jpg,2732.npy
761,2733.jpg,2733.npy
762,2734.jpg,2734.npy
763,2737.jpg,2737.npy
764,2738.jpg,2738.npy
765,2740.jpg,2740.npy
766,2741.jpg,2741.npy
767,2742.jpg,2742.npy
768,2743.jpg,2743.npy
769,2744.jpg,2744.npy
770,2745.jpg,2745.npy
771,2746.jpg,2746.npy
772,2747.jpg,2747.npy
773,2748.jpg,2748.npy
774,2749.jpg,2749.npy
775,2750.jpg,2750.npy
776,2751.jpg,2751.npy
777,2752.jpg,2752.npy
778,2753.jpg,2753.npy
779,2754.jpg,2754.npy
780,2755.jpg,2755.npy
781,2757.jpg,2757.npy
782,2759.jpg,2759.npy
783,2760.jpg,2760.npy
784,2761.jpg,2761.npy
785,2762.jpg,2762.npy
786,2763.jpg,2763.npy
787,2764.jpg,2764.npy
788,2765.jpg,2765.npy
789,2766.jpg,2766.npy
790,2767.jpg,2767.npy
791,2768.jpg,2768.npy
792,2769.jpg,2769.npy
793,2770.jpg,2770.npy
794,2771.jpg,2771.npy
795,2772.jpg,2772.npy
796,2774.jpg,2774.npy
797,2775.jpg,2775.npy
798,2776.jpg,2776.npy
799,2778.jpg,2778.npy
800,2779.jpg,2779.npy
801,2781.jpg,2781.npy
802,2782.jpg,2782.npy
803,2783.jpg,2783.npy
804,2784.jpg,2784.npy
805,2785.jpg,2785.npy
806,2786.jpg,2786.npy
807,2787.jpg,2787.npy
808,2788.jpg,2788.npy
809,2789.jpg,2789.npy
810,2790.jpg,2790.npy
811,2791.jpg,2791.npy
812,2792.jpg,2792.npy
813,2793.jpg,2793.npy
814,2794.jpg,2794.npy
815,2795.jpg,2795.npy
816,2796.jpg,2796.npy
817,2797.jpg,2797.npy
818,2799.jpg,2799.npy
819,2800.jpg,2800.npy
820,2802.jpg,2802.npy
821,2803.jpg,2803.npy
822,2804.jpg,2804.npy
823,2805.jpg,2805.npy
824,2806.jpg,2806.npy
825,2891.jpg,2891.npy
826,2892.jpg,2892.npy
827,2893.jpg,2893.npy
828,2894.jpg,2894.npy
829,2895.jpg,2895.npy
830,2897.jpg,2897.npy
831,2898.jpg,2898.npy
832,2958.jpg,2958.npy
833,2960.jpg,2960.npy
834,2961.jpg,2961.npy
835,2963.jpg,2963.npy
836,2964.jpg,2964.npy
837,2966.jpg,2966.npy
838,2969.jpg,2969.npy
839,2970.jpg,2970.npy
840,2974.jpg,2974.npy
841,2975.jpg,2975.npy
842,2977.jpg,2977.npy
843,2978.jpg,2978.npy
844,2979.jpg,2979.npy
845,2980.jpg,2980.npy
846,2981.jpg,2981.npy
847,2982.jpg,2982.npy
848,2983.jpg,2983.npy
849,2984.jpg,2984.npy
850,2985.jpg,2985.npy
851,2986.jpg,2986.npy
852,2987.jpg,2987.npy
853,2988.jpg,2988.npy
854,2989.jpg,2989.npy
855,2990.jpg,2990.npy
856,2991.jpg,2991.npy
857,2992.jpg,2992.npy
858,2993.jpg,2993.npy
859,2995.jpg,2995.npy
860,2996.jpg,2996.npy
861,2997.jpg,2997.npy
862,2998.jpg,2998.npy
863,3000.jpg,3000.npy
864,3001.jpg,3001.npy
865,3002.jpg,3002.npy
866,3005.jpg,3005.npy
867,3007.jpg,3007.npy
868,3008.jpg,3008.npy
869,3012.jpg,3012.npy
870,3013.jpg,3013.npy
871,3014.jpg,3014.npy
872,3015.jpg,3015.npy
873,3018.jpg,3018.npy
874,3019.jpg,3019.npy
875,3020.jpg,3020.npy
876,3022.jpg,3022.npy
877,3023.jpg,3023.npy
878,3024.jpg,3024.npy
879,3025.jpg,3025.npy
880,3026.jpg,3026.npy
881,3027.jpg,3027.npy
882,3028.jpg,3028.npy
883,3029.jpg,3029.npy
884,3030.jpg,3030.npy
885,3031.jpg,3031.npy
886,3034.jpg,3034.npy
887,3036.jpg,3036.npy
888,3038.jpg,3038.npy
889,3041.jpg,3041.npy
890,3042.jpg,3042.npy
891,3044.jpg,3044.npy
892,3047.jpg,3047.npy
893,3052.jpg,3052.npy
894,3054.jpg,3054.npy
895,3056.jpg,3056.npy
896,3060.jpg,3060.npy
897,3063.jpg,3063.npy
898,3064.jpg,3064.npy
899,3065.jpg,3065.npy
900,3066.jpg,3066.npy
901,3067.jpg,3067.npy
902,3070.jpg,3070.npy
903,3074.jpg,3074.npy
904,3075.jpg,3075.npy
905,3076.jpg,3076.npy
906,3077.jpg,3077.npy
907,3078.jpg,3078.npy
908,3079.jpg,3079.npy
909,3080.jpg,3080.npy
910,3083.jpg,3083.npy
911,3084.jpg,3084.npy
912,3085.jpg,3085.npy
913,3086.jpg,3086.npy
914,3087.jpg,3087.npy
915,3089.jpg,3089.npy
916,3090.jpg,3090.npy
917,3091.jpg,3091.npy
918,3092.jpg,3092.npy
919,3093.jpg,3093.npy
920,3094.jpg,3094.npy
921,3095.jpg,3095.npy
922,3096.jpg,3096.npy
923,3097.jpg,3097.npy
924,3098.jpg,3098.npy
925,3100.jpg,3100.npy
926,3101.jpg,3101.npy
927,3102.jpg,3102.npy
928,3104.jpg,3104.npy
929,3105.jpg,3105.npy
930,3106.jpg,3106.npy
931,3107.jpg,3107.npy
932,3108.jpg,3108.npy
933,3109.jpg,3109.npy
934,3110.jpg,3110.npy
935,3116.jpg,3116.npy
936,3117.jpg,3117.npy
937,3118.jpg,3118.npy
938,3119.jpg,3119.npy
939,3120.jpg,3120.npy
940,3121.jpg,3121.npy
941,3122.jpg,3122.npy
942,3123.jpg,3123.npy
943,3124.jpg,3124.npy
944,3126.jpg,3126.npy
945,3127.jpg,3127.npy
946,3128.jpg,3128.npy
947,3129.jpg,3129.npy
948,3130.jpg,3130.npy
949,3131.jpg,3131.npy
950,3132.jpg,3132.npy
951,3133.jpg,3133.npy
952,3134.jpg,3134.npy
953,3135.jpg,3135.npy
954,3136.jpg,3136.npy
955,3137.jpg,3137.npy
956,3138.jpg,3138.npy
957,3139.jpg,3139.npy
958,3140.jpg,3140.npy
959,3141.jpg,3141.npy
960,3142.jpg,3142.npy
961,3143.jpg,3143.npy
962,3144.jpg,3144.npy
963,3145.jpg,3145.npy
964,3146.jpg,3146.npy
965,3147.jpg,3147.npy
966,3148.jpg,3148.npy
967,3149.jpg,3149.npy
968,3150.jpg,3150.npy
969,3151.jpg,3151.npy
970,3152.jpg,3152.npy
971,3161.jpg,3161.npy
972,3163.jpg,3163.npy
973,3164.jpg,3164.npy
974,3165.jpg,3165.npy
975,3166.jpg,3166.npy
976,3167.jpg,3167.npy
977,3168.jpg,3168.npy
978,3169.jpg,3169.npy
979,3171.jpg,3171.npy
980,3172.jpg,3172.npy
981,3173.jpg,3173.npy
982,3174.jpg,3174.npy
983,3175.jpg,3175.npy
984,3176.jpg,3176.npy
985,3177.jpg,3177.npy
986,3178.jpg,3178.npy
987,3180.jpg,3180.npy
988,3181.jpg,3181.npy
989,3182.jpg,3182.npy
990,3184.jpg,3184.npy
991,3186.jpg,3186.npy
992,3187.jpg,3187.npy
993,3188.jpg,3188.npy
994,3189.jpg,3189.npy
995,3190.jpg,3190.npy
996,3191.jpg,3191.npy
997,3192.jpg,3192.npy
998,3193.jpg,3193.npy
999,3194.jpg,3194.npy
1000,3195.jpg,3195.npy
1001,3196.jpg,3196.npy
1002,3197.jpg,3197.npy
1003,3198.jpg,3198.npy
1004,3199.jpg,3199.npy
1005,3200.jpg,3200.npy
1006,3201.jpg,3201.npy
1007,3202.jpg,3202.npy
1008,3203.jpg,3203.npy
1009,3204.jpg,3204.npy
1010,3205.jpg,3205.npy
1011,3206.jpg,3206.npy
1012,3207.jpg,3207.npy
1013,3208.jpg,3208.npy
1014,3209.jpg,3209.npy
1015,3211.jpg,3211.npy
1016,3213.jpg,3213.npy
1017,3214.jpg,3214.npy
1018,3215.jpg,3215.npy
1019,3216.jpg,3216.npy
1020,3217.jpg,3217.npy
1021,3218.jpg,3218.npy
1022,3219.jpg,3219.npy
1023,3220.jpg,3220.npy
1024,3221.jpg,3221.npy
1025,3223.jpg,3223.npy
1026,3224.jpg,3224.npy
1027,3225.jpg,3225.npy
1028,3226.jpg,3226.npy
1029,3227.jpg,3227.npy
1030,3228.jpg,3228.npy
1031,3229.jpg,3229.npy
1032,3230.jpg,3230.npy
1033,3231.jpg,3231.npy
1034,3232.jpg,3232.npy
1035,3233.jpg,3233.npy
1036,3234.jpg,3234.npy
1037,3235.jpg,3235.npy
1038,3236.jpg,3236.npy
1039,3237.jpg,3237.npy
1040,3239.jpg,3239.npy
1041,3240.jpg,3240.npy
1042,3241.jpg,3241.npy
1043,3242.jpg,3242.npy
1044,3243.jpg,3243.npy
1045,3244.jpg,3244.npy
1046,3245.jpg,3245.npy
1047,3246.jpg,3246.npy
1048,3247.jpg,3247.npy
1049,3249.jpg,3249.npy
1050,3250.jpg,3250.npy
1051,3251.jpg,3251.npy
1052,3252.jpg,3252.npy
1053,3254.jpg,3254.npy
1054,3255.jpg,3255.npy
1055,3256.jpg,3256.npy
1056,3257.jpg,3257.npy
1057,3258.jpg,3258.npy
1058,3259.jpg,3259.npy
1059,3260.jpg,3260.npy
1060,3261.jpg,3261.npy
1061,3262.jpg,3262.npy
1062,3263.jpg,3263.npy
1063,3264.jpg,3264.npy
1064,3286.jpg,3286.npy
1065,3287.jpg,3287.npy
1066,3288.jpg,3288.npy
1067,3289.jpg,3289.npy
1068,3290.jpg,3290.npy
1069,3291.jpg,3291.npy
1070,3293.jpg,3293.npy
1071,3294.jpg,3294.npy
1072,3295.jpg,3295.npy
1073,3296.jpg,3296.npy
1074,3297.jpg,3297.npy
1075,3298.jpg,3298.npy
1076,3299.jpg,3299.npy
1077,3300.jpg,3300.npy
1078,3301.jpg,3301.npy
1079,3302.jpg,3302.npy
1080,3303.jpg,3303.npy
1081,3304.jpg,3304.npy
1082,3305.jpg,3305.npy
1083,3306.jpg,3306.npy
1084,3307.jpg,3307.npy
1085,3343.jpg,3343.npy
1086,3345.jpg,3345.npy
1087,3346.jpg,3346.npy
1088,3347.jpg,3347.npy
1089,3348.jpg,3348.npy
1090,3349.jpg,3349.npy
1091,3352.jpg,3352.npy
1092,3353.jpg,3353.npy
1093,3354.jpg,3354.npy
1094,3355.jpg,3355.npy
1095,3356.jpg,3356.npy
1096,3357.jpg,3357.npy
1097,3358.jpg,3358.npy
1098,3359.jpg,3359.npy
1099,3360.jpg,3360.npy
1100,3361.jpg,3361.npy
1101,3362.jpg,3362.npy
1102,3363.jpg,3363.npy
1103,3364.jpg,3364.npy
1104,3365.jpg,3365.npy
1105,3366.jpg,3366.npy
1106,3367.jpg,3367.npy
1107,3368.jpg,3368.npy
1108,3370.jpg,3370.npy
1109,3371.jpg,3371.npy
1110,3372.jpg,3372.npy
1111,3373.jpg,3373.npy
1112,3374.jpg,3374.npy
1113,3375.jpg,3375.npy
1114,3376.jpg,3376.npy
1115,3377.jpg,3377.npy
1116,3378.jpg,3378.npy
1117,3379.jpg,3379.npy
1118,3380.jpg,3380.npy
1119,3381.jpg,3381.npy
1120,3382.jpg,3382.npy
1121,3383.jpg,3383.npy
1122,3384.jpg,3384.npy
1123,3385.jpg,3385.npy
1124,3386.jpg,3386.npy
1125,3387.jpg,3387.npy
1126,3389.jpg,3389.npy
1127,3390.jpg,3390.npy
1128,3391.jpg,3391.npy
1129,3392.jpg,3392.npy
1130,3393.jpg,3393.npy
1131,3394.jpg,3394.npy
1132,3395.jpg,3395.npy
1133,3396.jpg,3396.npy
1134,3397.jpg,3397.npy
1135,3398.jpg,3398.npy
1136,3399.jpg,3399.npy
1137,3400.jpg,3400.npy
1138,3401.jpg,3401.npy
1139,3402.jpg,3402.npy
1140,3403.jpg,3403.npy
1141,3404.jpg,3404.npy
1142,3405.jpg,3405.npy
1143,3406.jpg,3406.npy
1144,3407.jpg,3407.npy
1145,3408.jpg,3408.npy
1146,3409.jpg,3409.npy
1147,3410.jpg,3410.npy
1148,3411.jpg,3411.npy
1149,3412.jpg,3412.npy
1150,3413.jpg,3413.npy
1151,3414.jpg,3414.npy
1152,3415.jpg,3415.npy
1153,3416.jpg,3416.npy
1154,3417.jpg,3417.npy
1155,3418.jpg,3418.npy
1156,3419.jpg,3419.npy
1157,3420.jpg,3420.npy
1158,3421.jpg,3421.npy
1159,3422.jpg,3422.npy
1160,3423.jpg,3423.npy
1161,3439.jpg,3439.npy
1162,3440.jpg,3440.npy
1163,3441.jpg,3441.npy
1164,3442.jpg,3442.npy
1165,3444.jpg,3444.npy
1166,3445.jpg,3445.npy
1167,3446.jpg,3446.npy
1168,3447.jpg,3447.npy
1169,3448.jpg,3448.npy
1170,3449.jpg,3449.npy
1171,3450.jpg,3450.npy
1172,3451.jpg,3451.npy
1173,3453.jpg,3453.npy
1174,3454.jpg,3454.npy
1175,3455.jpg,3455.npy
1176,3456.jpg,3456.npy
1177,3457.jpg,3457.npy
1178,3458.jpg,3458.npy
1179,3459.jpg,3459.npy
1180,3460.jpg,3460.npy
1181,3461.jpg,3461.npy
1182,3462.jpg,3462.npy
1183,3463.jpg,3463.npy
1184,3464.jpg,3464.npy
1185,3465.jpg,3465.npy
1186,3466.jpg,3466.npy
1187,3467.jpg,3467.npy
1188,3468.jpg,3468.npy
1189,3469.jpg,3469.npy
1190,3470.jpg,3470.npy
1191,3471.jpg,3471.npy
1192,3472.jpg,3472.npy
1193,3473.jpg,3473.npy
1194,3474.jpg,3474.npy
1195,3475.jpg,3475.npy
1196,3503.jpg,3503.npy
1197,3504.jpg,3504.npy
1198,3505.jpg,3505.npy
1199,3506.jpg,3506.npy
1200,3508.jpg,3508.npy
1201,3509.jpg,3509.npy
1202,3510.jpg,3510.npy
1203,3511.jpg,3511.npy
1204,3512.jpg,3512.npy
1205,3514.jpg,3514.npy
1206,3515.jpg,3515.npy
1207,3516.jpg,3516.npy
1208,3593.jpg,3593.npy
1209,3594.jpg,3594.npy
1210,3595.jpg,3595.npy
1211,3596.jpg,3596.npy
1212,3597.jpg,3597.npy
1213,3598.jpg,3598.npy
1214,3599.jpg,3599.npy
1215,3600.jpg,3600.npy
1216,3601.jpg,3601.npy
1217,3602.jpg,3602.npy
1218,3603.jpg,3603.npy
1219,3604.jpg,3604.npy
1220,3605.jpg,3605.npy
1221,3606.jpg,3606.npy
1222,3607.jpg,3607.npy
1223,3608.jpg,3608.npy
1224,3609.jpg,3609.npy
1225,3610.jpg,3610.npy
1226,3611.jpg,3611.npy
1227,3613.jpg,3613.npy
1228,3614.jpg,3614.npy
1229,3615.jpg,3615.npy
1230,3616.jpg,3616.npy
1231,3617.jpg,3617.npy
1232,3618.jpg,3618.npy
1233,3619.jpg,3619.npy
1234,3620.jpg,3620.npy
1235,3621.jpg,3621.npy
1236,3622.jpg,3622.npy
1237,3623.jpg,3623.npy
1238,3624.jpg,3624.npy
1239,3625.jpg,3625.npy
1240,3626.jpg,3626.npy
1241,3627.jpg,3627.npy
1242,3628.jpg,3628.npy
1243,3629.jpg,3629.npy
1244,3630.jpg,3630.npy
1245,3631.jpg,3631.npy
1246,3632.jpg,3632.npy
1247,3633.jpg,3633.npy
1248,3634.jpg,3634.npy
1249,3635.jpg,3635.npy
1250,3636.jpg,3636.npy
1251,3637.jpg,3637.npy
1252,3638.jpg,3638.npy
1253,3639.jpg,3639.npy
1254,3640.jpg,3640.npy
1255,3676.jpg,3676.npy
1256,3678.jpg,3678.npy
1257,3679.jpg,3679.npy
1258,3680.jpg,3680.npy
1259,3681.jpg,3681.npy
1260,3682.jpg,3682.npy
1261,3683.jpg,3683.npy
1262,3684.jpg,3684.npy
1263,3685.jpg,3685.npy
1264,3686.jpg,3686.npy
1265,3687.jpg,3687.npy
1266,3688.jpg,3688.npy
1267,3689.jpg,3689.npy
1268,3690.jpg,3690.npy
1269,3691.jpg,3691.npy
1270,3692.jpg,3692.npy
1271,3699.jpg,3699.npy
1272,3700.jpg,3700.npy
1273,3701.jpg,3701.npy
1274,3702.jpg,3702.npy
1275,3703.jpg,3703.npy
1276,3704.jpg,3704.npy
1277,3705.jpg,3705.npy
1278,3706.jpg,3706.npy
1279,3707.jpg,3707.npy
1280,3708.jpg,3708.npy
1281,3709.jpg,3709.npy
1282,3710.jpg,3710.npy
1283,3711.jpg,3711.npy
1284,3712.jpg,3712.npy
1285,3713.jpg,3713.npy
1286,3715.jpg,3715.npy
1287,3716.jpg,3716.npy
1288,3717.jpg,3717.npy
1289,3718.jpg,3718.npy
1290,3719.jpg,3719.npy
1291,3720.jpg,3720.npy
1292,3721.jpg,3721.npy
1293,3722.jpg,3722.npy
1294,3723.jpg,3723.npy
1295,3724.jpg,3724.npy
1296,3725.jpg,3725.npy
1297,3726.jpg,3726.npy
1298,3727.jpg,3727.npy
1299,3728.jpg,3728.npy
1300,3729.jpg,3729.npy
1301,3730.jpg,3730.npy
1302,3731.jpg,3731.npy
1303,3732.jpg,3732.npy
1304,3733.jpg,3733.npy
1305,3734.jpg,3734.npy
1306,3735.jpg,3735.npy
1307,3736.jpg,3736.npy
1308,3737.jpg,3737.npy
1309,3738.jpg,3738.npy
1310,3739.jpg,3739.npy
1311,3740.jpg,3740.npy
1312,3741.jpg,3741.npy
1313,3742.jpg,3742.npy
1314,3743.jpg,3743.npy
1315,3744.jpg,3744.npy
1316,3745.jpg,3745.npy
1317,3746.jpg,3746.npy
1318,3747.jpg,3747.npy
1319,3748.jpg,3748.npy
1320,3750.jpg,3750.npy
1321,3751.jpg,3751.npy
1322,3752.jpg,3752.npy
1323,3753.jpg,3753.npy
1324,3754.jpg,3754.npy
1325,3755.jpg,3755.npy
1326,3756.jpg,3756.npy
1327,3786.jpg,3786.npy
1328,3787.jpg,3787.npy
1329,3788.jpg,3788.npy
1330,3789.jpg,3789.npy
1331,3790.jpg,3790.npy
1332,3791.jpg,3791.npy
1333,3792.jpg,3792.npy
1334,3793.jpg,3793.npy
1335,3794.jpg,3794.npy
1336,3795.jpg,3795.npy
1337,3796.jpg,3796.npy
1338,3797.jpg,3797.npy
1339,3798.jpg,3798.npy
1340,3799.jpg,3799.npy
1341,3800.jpg,3800.npy
1342,3801.jpg,3801.npy
1343,3802.jpg,3802.npy
1344,3803.jpg,3803.npy
1345,3805.jpg,3805.npy
1346,3806.jpg,3806.npy
1347,3807.jpg,3807.npy
1348,3808.jpg,3808.npy
1349,3809.jpg,3809.npy
1350,3810.jpg,3810.npy
1351,3811.jpg,3811.npy
1352,3812.jpg,3812.npy
1353,3813.jpg,3813.npy
1354,3814.jpg,3814.npy
1355,3815.jpg,3815.npy
1356,3816.jpg,3816.npy
1357,3817.jpg,3817.npy
1358,3818.jpg,3818.npy
1359,3819.jpg,3819.npy
1360,3820.jpg,3820.npy
1361,3822.jpg,3822.npy
1362,3823.jpg,3823.npy
1363,3824.jpg,3824.npy
1364,3825.jpg,3825.npy
1365,3826.jpg,3826.npy
1366,3827.jpg,3827.npy
1367,3828.jpg,3828.npy
1368,3829.jpg,3829.npy
1369,3831.jpg,3831.npy
1370,3832.jpg,3832.npy
1371,3833.jpg,3833.npy
1372,3834.jpg,3834.npy
1373,3835.jpg,3835.npy
1374,3837.jpg,3837.npy
1375,3838.jpg,3838.npy
1376,3839.jpg,3839.npy
1377,3841.jpg,3841.npy
1378,3842.jpg,3842.npy
1379,3843.jpg,3843.npy
1380,3844.jpg,3844.npy
1381,3845.jpg,3845.npy
1382,3846.jpg,3846.npy
1383,3847.jpg,3847.npy
1384,3848.jpg,3848.npy
1385,3849.jpg,3849.npy
1386,3850.jpg,3850.npy
1387,3851.jpg,3851.npy
1388,3852.jpg,3852.npy
1389,3853.jpg,3853.npy
1390,3854.jpg,3854.npy
1391,3855.jpg,3855.npy
1392,3856.jpg,3856.npy
1393,3857.jpg,3857.npy
1394,3858.jpg,3858.npy
1395,3859.jpg,3859.npy
1396,3860.jpg,3860.npy
1397,3861.jpg,3861.npy
1398,3862.jpg,3862.npy
1399,3864.jpg,3864.npy
1400,3865.jpg,3865.npy
1401,3866.jpg,3866.npy
1402,3867.jpg,3867.npy
1403,3868.jpg,3868.npy
1404,3869.jpg,3869.npy
1405,3874.jpg,3874.npy
1406,3875.jpg,3875.npy
1407,3876.jpg,3876.npy
1408,3877.jpg,3877.npy
1409,3878.jpg,3878.npy
1410,3879.jpg,3879.npy
1411,3880.jpg,3880.npy
1412,3881.jpg,3881.npy
1413,3882.jpg,3882.npy
1414,3883.jpg,3883.npy
1415,3884.jpg,3884.npy
1416,3885.jpg,3885.npy
1417,3886.jpg,3886.npy
1418,3888.jpg,3888.npy
1419,3889.jpg,3889.npy
1420,3890.jpg,3890.npy
1421,3891.jpg,3891.npy
1422,3893.jpg,3893.npy
1423,3894.jpg,3894.npy
1424,3895.jpg,3895.npy
1425,3896.jpg,3896.npy
1426,3897.jpg,3897.npy
1427,3898.jpg,3898.npy
1428,3899.jpg,3899.npy
1429,3900.jpg,3900.npy
1430,3901.jpg,3901.npy
1431,3902.jpg,3902.npy
1432,3903.jpg,3903.npy
1433,3904.jpg,3904.npy
1434,3905.jpg,3905.npy
1435,3906.jpg,3906.npy
1436,3907.jpg,3907.npy
1437,3909.jpg,3909.npy
1438,3910.jpg,3910.npy
1439,3911.jpg,3911.npy
1440,3912.jpg,3912.npy
1441,3913.jpg,3913.npy
1442,3914.jpg,3914.npy
1443,3915.jpg,3915.npy
1444,3916.jpg,3916.npy
1445,3917.jpg,3917.npy
1446,3918.jpg,3918.npy
1447,3919.jpg,3919.npy
1448,3920.jpg,3920.npy
1449,3921.jpg,3921.npy
1450,3922.jpg,3922.npy
1451,3923.jpg,3923.npy
1452,3924.jpg,3924.npy
1453,3925.jpg,3925.npy
1454,3927.jpg,3927.npy
1455,3928.jpg,3928.npy
1456,3929.jpg,3929.npy
1457,3930.jpg,3930.npy
1458,3931.jpg,3931.npy
1459,3932.jpg,3932.npy
1460,3933.jpg,3933.npy
1461,3934.jpg,3934.npy
1462,3935.jpg,3935.npy
1463,3936.jpg,3936.npy
1464,3937.jpg,3937.npy
1465,3938.jpg,3938.npy
1466,3939.jpg,3939.npy
1467,3940.jpg,3940.npy
1468,3941.jpg,3941.npy
1469,3942.jpg,3942.npy
1470,3943.jpg,3943.npy
1471,3944.jpg,3944.npy
1472,3946.jpg,3946.npy
1473,3947.jpg,3947.npy
1474,3948.jpg,3948.npy
1475,3949.jpg,3949.npy
1476,3950.jpg,3950.npy
1477,3951.jpg,3951.npy
1478,3952.jpg,3952.npy
1479,3953.jpg,3953.npy
1480,3954.jpg,3954.npy
1481,3955.jpg,3955.npy
1482,3956.jpg,3956.npy
1483,3957.jpg,3957.npy
1484,3958.jpg,3958.npy
1485,3959.jpg,3959.npy
1486,3960.jpg,3960.npy
1487,3961.jpg,3961.npy
1488,3962.jpg,3962.npy
1489,3963.jpg,3963.npy
1490,3964.jpg,3964.npy
1491,3965.jpg,3965.npy
1492,3966.jpg,3966.npy
1493,3967.jpg,3967.npy
1494,3968.jpg,3968.npy
1495,3969.jpg,3969.npy
1496,3970.jpg,3970.npy
1497,3971.jpg,3971.npy
1498,3972.jpg,3972.npy
1499,3973.jpg,3973.npy
1500,3974.jpg,3974.npy
1501,3975.jpg,3975.npy
1502,3976.jpg,3976.npy
1503,3977.jpg,3977.npy
1504,3978.jpg,3978.npy
1505,3982.jpg,3982.npy
1506,3983.jpg,3983.npy
1507,3984.jpg,3984.npy
1508,3985.jpg,3985.npy
1509,3986.jpg,3986.npy
1510,3987.jpg,3987.npy
1511,3988.jpg,3988.npy
1512,3989.jpg,3989.npy
1513,3990.jpg,3990.npy
1514,3991.jpg,3991.npy
1515,3992.jpg,3992.npy
1516,3993.jpg,3993.npy
1517,3994.jpg,3994.npy
1518,3995.jpg,3995.npy
1519,3996.jpg,3996.npy
1520,3997.jpg,3997.npy
1521,3998.jpg,3998.npy
1522,3999.jpg,3999.npy
1523,4000.jpg,4000.npy
1524,4001.jpg,4001.npy
1525,4002.jpg,4002.npy
1526,4003.jpg,4003.npy
1527,4004.jpg,4004.npy
1528,4005.jpg,4005.npy
1529,4006.jpg,4006.npy
1530,4007.jpg,4007.npy
1531,4008.jpg,4008.npy
1532,4009.jpg,4009.npy
1533,4010.jpg,4010.npy
1534,4011.jpg,4011.npy
1535,4012.jpg,4012.npy
1536,4013.jpg,4013.npy
1537,4014.jpg,4014.npy
1538,4015.jpg,4015.npy
1539,4016.jpg,4016.npy
1540,4017.jpg,4017.npy
1541,4018.jpg,4018.npy
1542,4019.jpg,4019.npy
1543,4020.jpg,4020.npy
1544,4021.jpg,4021.npy
1545,4022.jpg,4022.npy
1546,4024.jpg,4024.npy
1547,4025.jpg,4025.npy
1548,4026.jpg,4026.npy
1549,4027.jpg,4027.npy
1550,4028.jpg,4028.npy
1551,4029.jpg,4029.npy
1552,4030.jpg,4030.npy
1553,4031.jpg,4031.npy
1554,4032.jpg,4032.npy
1555,4033.jpg,4033.npy
1556,4034.jpg,4034.npy
1557,4035.jpg,4035.npy
1558,4036.jpg,4036.npy
1559,4037.jpg,4037.npy
1560,4038.jpg,4038.npy
1561,4039.jpg,4039.npy
1562,4040.jpg,4040.npy
1563,4041.jpg,4041.npy
1564,4042.jpg,4042.npy
1565,4043.jpg,4043.npy
1566,4044.jpg,4044.npy
1567,4045.jpg,4045.npy
1568,4046.jpg,4046.npy
1569,4047.jpg,4047.npy
1570,4048.jpg,4048.npy
1571,4049.jpg,4049.npy
1572,4051.jpg,4051.npy
1573,4052.jpg,4052.npy
1574,4053.jpg,4053.npy
1575,4054.jpg,4054.npy
1576,4055.jpg,4055.npy
1577,4056.jpg,4056.npy
1578,4057.jpg,4057.npy
1579,4058.jpg,4058.npy
1580,4060.jpg,4060.npy
1581,4090.jpg,4090.npy
1582,4099.jpg,4099.npy
1583,4100.jpg,4100.npy
1584,4124.jpg,4124.npy
1585,4125.jpg,4125.npy
1586,4126.jpg,4126.npy
1587,4127.jpg,4127.npy
1588,4128.jpg,4128.npy
1589,4129.jpg,4129.npy
1590,4130.jpg,4130.npy
1591,4132.jpg,4132.npy
1592,4133.jpg,4133.npy
1593,4134.jpg,4134.npy
1594,4135.jpg,4135.npy
1595,4136.jpg,4136.npy
1596,4140.jpg,4140.npy
1597,4142.jpg,4142.npy
1598,4144.jpg,4144.npy
1599,4145.jpg,4145.npy
1600,4146.jpg,4146.npy
1601,4147.jpg,4147.npy
1602,4148.jpg,4148.npy
1603,4149.jpg,4149.npy
1604,4151.jpg,4151.npy
1605,4152.jpg,4152.npy
1606,4153.jpg,4153.npy
1607,4154.jpg,4154.npy
1608,4156.jpg,4156.npy
1609,4157.jpg,4157.npy
1610,4158.jpg,4158.npy
1611,4159.jpg,4159.npy
1612,4160.jpg,4160.npy
1613,4161.jpg,4161.npy
1614,4162.jpg,4162.npy
1615,4177.jpg,4177.npy
1616,4178.jpg,4178.npy
1617,4179.jpg,4179.npy
1618,4180.jpg,4180.npy
1619,4181.jpg,4181.npy
1620,4182.jpg,4182.npy
1621,4183.jpg,4183.npy
1622,4184.jpg,4184.npy
1623,4185.jpg,4185.npy
1624,4186.jpg,4186.npy
1625,4187.jpg,4187.npy
1626,4188.jpg,4188.npy
1627,4189.jpg,4189.npy
1628,4190.jpg,4190.npy
1629,4191.jpg,4191.npy
1630,4192.jpg,4192.npy
1631,4193.jpg,4193.npy
1632,4194.jpg,4194.npy
1633,4196.jpg,4196.npy
1634,4197.jpg,4197.npy
1635,4199.jpg,4199.npy
1636,4200.jpg,4200.npy
1637,4201.jpg,4201.npy
1638,4202.jpg,4202.npy
1639,4203.jpg,4203.npy
1640,4204.jpg,4204.npy
1641,4205.jpg,4205.npy
1642,4206.jpg,4206.npy
1643,4207.jpg,4207.npy
1644,4208.jpg,4208.npy
1645,4209.jpg,4209.npy
1646,4210.jpg,4210.npy
1647,4212.jpg,4212.npy
1648,4213.jpg,4213.npy
1649,4214.jpg,4214.npy
1650,4215.jpg,4215.npy
1651,4216.jpg,4216.npy
1652,4217.jpg,4217.npy
1653,4218.jpg,4218.npy
1654,4219.jpg,4219.npy
1655,4220.jpg,4220.npy
1656,4221.jpg,4221.npy
1657,4222.jpg,4222.npy
1658,4223.jpg,4223.npy
1659,4224.jpg,4224.npy
1660,4225.jpg,4225.npy
1661,4226.jpg,4226.npy
1662,4227.jpg,4227.npy
1663,4228.jpg,4228.npy
1664,4229.jpg,4229.npy
1665,4230.jpg,4230.npy
1666,4231.jpg,4231.npy
1667,4232.jpg,4232.npy
1668,4233.jpg,4233.npy
1669,4234.jpg,4234.npy
1670,4235.jpg,4235.npy
1671,4236.jpg,4236.npy
1672,4237.jpg,4237.npy
1673,4238.jpg,4238.npy
1674,4239.jpg,4239.npy
1675,4240.jpg,4240.npy
1676,4241.jpg,4241.npy
1677,4243.jpg,4243.npy
1678,4244.jpg,4244.npy
1679,4245.jpg,4245.npy
1680,4246.jpg,4246.npy
1681,4247.jpg,4247.npy
1682,4248.jpg,4248.npy
1683,4249.jpg,4249.npy
1684,4250.jpg,4250.npy
1685,4251.jpg,4251.npy
1686,4252.jpg,4252.npy
1687,4253.jpg,4253.npy
1688,4254.jpg,4254.npy
1689,4255.jpg,4255.npy
1690,4256.jpg,4256.npy
1691,4258.jpg,4258.npy
1692,4259.jpg,4259.npy
1693,4260.jpg,4260.npy
1694,4261.jpg,4261.npy
1695,4262.jpg,4262.npy
1696,4263.jpg,4263.npy
1697,4264.jpg,4264.npy
1698,4265.jpg,4265.npy
1699,4266.jpg,4266.npy
1700,4267.jpg,4267.npy
1701,4268.jpg,4268.npy
1702,4269.jpg,4269.npy
1703,4270.jpg,4270.npy
1704,4271.jpg,4271.npy
1705,4272.jpg,4272.npy
1706,4273.jpg,4273.npy
1707,4274.jpg,4274.npy
1708,4275.jpg,4275.npy
1709,4276.jpg,4276.npy
1710,4277.jpg,4277.npy
1711,4278.jpg,4278.npy
1712,4280.jpg,4280.npy
1713,4281.jpg,4281.npy
1714,4282.jpg,4282.npy
1715,4306.jpg,4306.npy
1716,4307.jpg,4307.npy
1717,4308.jpg,4308.npy
1718,4309.jpg,4309.npy
1719,4310.jpg,4310.npy
1720,4311.jpg,4311.npy
1721,4312.jpg,4312.npy
1722,4313.jpg,4313.npy
1723,4314.jpg,4314.npy
1724,4316.jpg,4316.npy
1725,4317.jpg,4317.npy
1726,4318.jpg,4318.npy
1727,4319.jpg,4319.npy
1728,4320.jpg,4320.npy
1729,4321.jpg,4321.npy
1730,4322.jpg,4322.npy
1731,4323.jpg,4323.npy
1732,4324.jpg,4324.npy
1733,4325.jpg,4325.npy
1734,4326.jpg,4326.npy
1735,4327.jpg,4327.npy
1736,4328.jpg,4328.npy
1737,4329.jpg,4329.npy
1738,4330.jpg,4330.npy
1739,4331.jpg,4331.npy
1740,4332.jpg,4332.npy
1741,4333.jpg,4333.npy
1742,4334.jpg,4334.npy
1743,4335.jpg,4335.npy
1744,4336.jpg,4336.npy
1745,4337.jpg,4337.npy
1746,4338.jpg,4338.npy
1747,4339.jpg,4339.npy
1748,4340.jpg,4340.npy
1749,4341.jpg,4341.npy
1750,4342.jpg,4342.npy
1751,4343.jpg,4343.npy
1752,4344.jpg,4344.npy
1753,4345.jpg,4345.npy
1754,4346.jpg,4346.npy
1755,4347.jpg,4347.npy
1756,4348.jpg,4348.npy
1757,4349.jpg,4349.npy
1758,4350.jpg,4350.npy
1759,4353.jpg,4353.npy
1760,4354.jpg,4354.npy
1761,4355.jpg,4355.npy
1762,4356.jpg,4356.npy
1763,4357.jpg,4357.npy
1764,4358.jpg,4358.npy
1765,4359.jpg,4359.npy
1766,4360.jpg,4360.npy
1767,4361.jpg,4361.npy
1768,4362.jpg,4362.npy
1769,4363.jpg,4363.npy
1770,4364.jpg,4364.npy
1771,4365.jpg,4365.npy
1772,4366.jpg,4366.npy
1773,4367.jpg,4367.npy
1774,4368.jpg,4368.npy
1775,4369.jpg,4369.npy
1776,4370.jpg,4370.npy
1777,4371.jpg,4371.npy
1778,4372.jpg,4372.npy
1779,4373.jpg,4373.npy
1780,4374.jpg,4374.npy
1781,4375.jpg,4375.npy
1782,4376.jpg,4376.npy
1783,4377.jpg,4377.npy
1784,4378.jpg,4378.npy
1785,4379.jpg,4379.npy
1786,4380.jpg,4380.npy
1787,4381.jpg,4381.npy
1788,4382.jpg,4382.npy
1789,4383.jpg,4383.npy
1790,4384.jpg,4384.npy
1791,4385.jpg,4385.npy
1792,4386.jpg,4386.npy
1793,4387.jpg,4387.npy
1794,4388.jpg,4388.npy
1795,4389.jpg,4389.npy
1796,4390.jpg,4390.npy
1797,4391.jpg,4391.npy
1798,4392.jpg,4392.npy
1799,4393.jpg,4393.npy
1800,4394.jpg,4394.npy
1801,4395.jpg,4395.npy
1802,4396.jpg,4396.npy
1803,4397.jpg,4397.npy
1804,4398.jpg,4398.npy
1805,4399.jpg,4399.npy
1806,4400.jpg,4400.npy
1807,4401.jpg,4401.npy
1808,4402.jpg,4402.npy
1809,4403.jpg,4403.npy
1810,4424.jpg,4424.npy
1811,4425.jpg,4425.npy
1812,4426.jpg,4426.npy
1813,4427.jpg,4427.npy
1814,4428.jpg,4428.npy
1815,4429.jpg,4429.npy
1816,4430.jpg,4430.npy
1817,4431.jpg,4431.npy
1818,4432.jpg,4432.npy
1819,4433.jpg,4433.npy
1820,4434.jpg,4434.npy
1821,4435.jpg,4435.npy
1822,4436.jpg,4436.npy
1823,4437.jpg,4437.npy
1824,4438.jpg,4438.npy
1825,4439.jpg,4439.npy
1826,4441.jpg,4441.npy
1827,4442.jpg,4442.npy
1828,4443.jpg,4443.npy
1829,4444.jpg,4444.npy
1830,4445.jpg,4445.npy
1831,4446.jpg,4446.npy
1832,4447.jpg,4447.npy
1833,4448.jpg,4448.npy
1834,4449.jpg,4449.npy
1835,4450.jpg,4450.npy
1836,4451.jpg,4451.npy
1837,4452.jpg,4452.npy
1838,4453.jpg,4453.npy
1839,4455.jpg,4455.npy
1840,4456.jpg,4456.npy
1841,4457.jpg,4457.npy
1842,4458.jpg,4458.npy
1843,4459.jpg,4459.npy
1844,4460.jpg,4460.npy
1845,4462.jpg,4462.npy
1846,4463.jpg,4463.npy
1847,4465.jpg,4465.npy
1848,4466.jpg,4466.npy
1849,4467.jpg,4467.npy
1850,4468.jpg,4468.npy
1851,4469.jpg,4469.npy
1852,4472.jpg,4472.npy
1853,4473.jpg,4473.npy
1854,4474.jpg,4474.npy
1855,4475.jpg,4475.npy
1856,4476.jpg,4476.npy
1857,4477.jpg,4477.npy
1858,4479.jpg,4479.npy
1859,4480.jpg,4480.npy
1860,4481.jpg,4481.npy
1861,4482.jpg,4482.npy
1862,4483.jpg,4483.npy
1863,4484.jpg,4484.npy
1864,4485.jpg,4485.npy
1865,4486.jpg,4486.npy
1866,4487.jpg,4487.npy
1867,4488.jpg,4488.npy
1868,4489.jpg,4489.npy
1869,4490.jpg,4490.npy
1870,4491.jpg,4491.npy
1871,4503.jpg,4503.npy
1872,4504.jpg,4504.npy
1873,4505.jpg,4505.npy
1874,4507.jpg,4507.npy
1875,4508.jpg,4508.npy
1876,4509.jpg,4509.npy
1877,4511.jpg,4511.npy
1878,4512.jpg,4512.npy
1879,4513.jpg,4513.npy
1880,4514.jpg,4514.npy
1881,4516.jpg,4516.npy
1882,4517.jpg,4517.npy
1883,4518.jpg,4518.npy
1884,4519.jpg,4519.npy
1885,4520.jpg,4520.npy
1886,4521.jpg,4521.npy
1887,4522.jpg,4522.npy
1888,4523.jpg,4523.npy
1889,4524.jpg,4524.npy
1890,4525.jpg,4525.npy
1891,4526.jpg,4526.npy
1892,4527.jpg,4527.npy
1893,4612.jpg,4612.npy
1894,4613.jpg,4613.npy
1895,4614.jpg,4614.npy
1896,4615.jpg,4615.npy
1897,4616.jpg,4616.npy
1898,4617.jpg,4617.npy
1899,4618.jpg,4618.npy
1900,4619.jpg,4619.npy
1901,4620.jpg,4620.npy
1902,4621.jpg,4621.npy
1903,4622.jpg,4622.npy
1904,4623.jpg,4623.npy
1905,4624.jpg,4624.npy
1906,4625.jpg,4625.npy
1907,4627.jpg,4627.npy
1908,4628.jpg,4628.npy
1909,4629.jpg,4629.npy
1910,4630.jpg,4630.npy
1911,4631.jpg,4631.npy
1912,4632.jpg,4632.npy
1913,4633.jpg,4633.npy
1914,4634.jpg,4634.npy
1915,4635.jpg,4635.npy
1916,4636.jpg,4636.npy
1917,4638.jpg,4638.npy
1918,4639.jpg,4639.npy
1919,4640.jpg,4640.npy
1920,4641.jpg,4641.npy
1921,4642.jpg,4642.npy
1922,4643.jpg,4643.npy
1923,4644.jpg,4644.npy
1924,4645.jpg,4645.npy
1925,4646.jpg,4646.npy
1926,4647.jpg,4647.npy
1927,4648.jpg,4648.npy
1928,4649.jpg,4649.npy
1929,4650.jpg,4650.npy
1930,4651.jpg,4651.npy
1931,4652.jpg,4652.npy
1932,4653.jpg,4653.npy
1933,4654.jpg,4654.npy
1934,4655.jpg,4655.npy
1935,4656.jpg,4656.npy
1936,4657.jpg,4657.npy
1937,4658.jpg,4658.npy
1938,4659.jpg,4659.npy
1939,4660.jpg,4660.npy
1940,4661.jpg,4661.npy
1941,4662.jpg,4662.npy
1942,4663.jpg,4663.npy
1943,4664.jpg,4664.npy
1944,4665.jpg,4665.npy
1945,4666.jpg,4666.npy
1946,4667.jpg,4667.npy
1947,4668.jpg,4668.npy
1948,4669.jpg,4669.npy
1949,4670.jpg,4670.npy
1950,4671.jpg,4671.npy
1951,4672.jpg,4672.npy
1952,4673.jpg,4673.npy
1953,4674.jpg,4674.npy
1954,4675.jpg,4675.npy
1955,4676.jpg,4676.npy
1956,4677.jpg,4677.npy
1957,4678.jpg,4678.npy
1958,4679.jpg,4679.npy
1959,4680.jpg,4680.npy
1960,4681.jpg,4681.npy
1961,4682.jpg,4682.npy
1962,4683.jpg,4683.npy
1963,4685.jpg,4685.npy
1964,4686.jpg,4686.npy
1965,4688.jpg,4688.npy
1966,4689.jpg,4689.npy
1967,4690.jpg,4690.npy
1968,4691.jpg,4691.npy
1969,4692.jpg,4692.npy
1970,4693.jpg,4693.npy
1971,4695.jpg,4695.npy
1972,4696.jpg,4696.npy
1973,4697.jpg,4697.npy
1974,4698.jpg,4698.npy
1975,4699.jpg,4699.npy
1976,4700.jpg,4700.npy
1977,4701.jpg,4701.npy
1978,4702.jpg,4702.npy
1979,4767.jpg,4767.npy
1980,4768.jpg,4768.npy
1981,4769.jpg,4769.npy
1982,4770.jpg,4770.npy
1983,4771.jpg,4771.npy
1984,4772.jpg,4772.npy
1985,4773.jpg,4773.npy
1986,4774.jpg,4774.npy
1987,4775.jpg,4775.npy
1988,4776.jpg,4776.npy
1989,4777.jpg,4777.npy
1990,4778.jpg,4778.npy
1991,4779.jpg,4779.npy
1992,4780.jpg,4780.npy
1993,4781.jpg,4781.npy
1994,4782.jpg,4782.npy
1995,4783.jpg,4783.npy
1996,4784.jpg,4784.npy
1997,4785.jpg,4785.npy
1998,4786.jpg,4786.npy
1999,4787.jpg,4787.npy
2000,4788.jpg,4788.npy
2001,4789.jpg,4789.npy
2002,4790.jpg,4790.npy
2003,4791.jpg,4791.npy
2004,4792.jpg,4792.npy
2005,4793.jpg,4793.npy
2006,4856.jpg,4856.npy
2007,4857.jpg,4857.npy
2008,4859.jpg,4859.npy
2009,4860.jpg,4860.npy
2010,4861.jpg,4861.npy
2011,4862.jpg,4862.npy
2012,4863.jpg,4863.npy
2013,4864.jpg,4864.npy
2014,4865.jpg,4865.npy
2015,4866.jpg,4866.npy
2016,4867.jpg,4867.npy
2017,4868.jpg,4868.npy
2018,4870.jpg,4870.npy
2019,4871.jpg,4871.npy
2020,4872.jpg,4872.npy
2021,4873.jpg,4873.npy
2022,4971.jpg,4971.npy
2023,4972.jpg,4972.npy
2024,4973.jpg,4973.npy
2025,4975.jpg,4975.npy
2026,4976.jpg,4976.npy
2027,4978.jpg,4978.npy
2028,4979.jpg,4979.npy
2029,4980.jpg,4980.npy
2030,4981.jpg,4981.npy
2031,4982.jpg,4982.npy
2032,4983.jpg,4983.npy
2033,4984.jpg,4984.npy
2034,4985.jpg,4985.npy
2035,4986.jpg,4986.npy
2036,4987.jpg,4987.npy
2037,4988.jpg,4988.npy
2038,4989.jpg,4989.npy
2039,4990.jpg,4990.npy
2040,4991.jpg,4991.npy
2041,4992.jpg,4992.npy
2042,4993.jpg,4993.npy
2043,4994.jpg,4994.npy
2044,4995.jpg,4995.npy
2045,4996.jpg,4996.npy
2046,4997.jpg,4997.npy
2047,4998.jpg,4998.npy
2048,4999.jpg,4999.npy
2049,5000.jpg,5000.npy
2050,5003.jpg,5003.npy
2051,5004.jpg,5004.npy
2052,5005.jpg,5005.npy
2053,5006.jpg,5006.npy
2054,5007.jpg,5007.npy
2055,5008.jpg,5008.npy
2056,5009.jpg,5009.npy
2057,5010.jpg,5010.npy
2058,5011.jpg,5011.npy
2059,5012.jpg,5012.npy
2060,5013.jpg,5013.npy
2061,5014.jpg,5014.npy
2062,5015.jpg,5015.npy
2063,5016.jpg,5016.npy
2064,5017.jpg,5017.npy
2065,5018.jpg,5018.npy
2066,5019.jpg,5019.npy
2067,5020.jpg,5020.npy
2068,5021.jpg,5021.npy
2069,5022.jpg,5022.npy
2070,5023.jpg,5023.npy
2071,5024.jpg,5024.npy
2072,5025.jpg,5025.npy
2073,5026.jpg,5026.npy
2074,5027.jpg,5027.npy
2075,5028.jpg,5028.npy
2076,5029.jpg,5029.npy
2077,5030.jpg,5030.npy
2078,5031.jpg,5031.npy
2079,5032.jpg,5032.npy
2080,5033.jpg,5033.npy
2081,5034.jpg,5034.npy
2082,5035.jpg,5035.npy
2083,5036.jpg,5036.npy
2084,5037.jpg,5037.npy
2085,5038.jpg,5038.npy
2086,5039.jpg,5039.npy
2087,5040.jpg,5040.npy
2088,5041.jpg,5041.npy
2089,5042.jpg,5042.npy
2090,5049.jpg,5049.npy
2091,5050.jpg,5050.npy
2092,5051.jpg,5051.npy
2093,5052.jpg,5052.npy
2094,5053.jpg,5053.npy
2095,5054.jpg,5054.npy
2096,5055.jpg,5055.npy
2097,5056.jpg,5056.npy
2098,5057.jpg,5057.npy
2099,5058.jpg,5058.npy
2100,5119.jpg,5119.npy
2101,5120.jpg,5120.npy
2102,5121.jpg,5121.npy
2103,5122.jpg,5122.npy
2104,5123.jpg,5123.npy
2105,5124.jpg,5124.npy
2106,5125.jpg,5125.npy
2107,5126.jpg,5126.npy
2108,5128.jpg,5128.npy
2109,5129.jpg,5129.npy
2110,5130.jpg,5130.npy
2111,5131.jpg,5131.npy
2112,5132.jpg,5132.npy
2113,5133.jpg,5133.npy
2114,5134.jpg,5134.npy
2115,5135.jpg,5135.npy
2116,5136.jpg,5136.npy
2117,5137.jpg,5137.npy
2118,5138.jpg,5138.npy
2119,5139.jpg,5139.npy
2120,5158.jpg,5158.npy
2121,5159.jpg,5159.npy
2122,5160.jpg,5160.npy
2123,5161.jpg,5161.npy
2124,5162.jpg,5162.npy
2125,5163.jpg,5163.npy
2126,5164.jpg,5164.npy
2127,5165.jpg,5165.npy
2128,5166.jpg,5166.npy
2129,5167.jpg,5167.npy
2130,5168.jpg,5168.npy
2131,5169.jpg,5169.npy
2132,5171.jpg,5171.npy
2133,5172.jpg,5172.npy
2134,5173.jpg,5173.npy
2135,5174.jpg,5174.npy
2136,5175.jpg,5175.npy
2137,5176.jpg,5176.npy
2138,5177.jpg,5177.npy
2139,5179.jpg,5179.npy
2140,5180.jpg,5180.npy
2141,5181.jpg,5181.npy
2142,5182.jpg,5182.npy
2143,5183.jpg,5183.npy
2144,5184.jpg,5184.npy
2145,5185.jpg,5185.npy
2146,5186.jpg,5186.npy
2147,5187.jpg,5187.npy
2148,5188.jpg,5188.npy
2149,5189.jpg,5189.npy
2150,5191.jpg,5191.npy
2151,5192.jpg,5192.npy
2152,5193.jpg,5193.npy
2153,5194.jpg,5194.npy
2154,5195.jpg,5195.npy
2155,5196.jpg,5196.npy
2156,5197.jpg,5197.npy
2157,5198.jpg,5198.npy
2158,5199.jpg,5199.npy
2159,5230.jpg,5230.npy
2160,5231.jpg,5231.npy
2161,5232.jpg,5232.npy
2162,5233.jpg,5233.npy
2163,5234.jpg,5234.npy
2164,5235.jpg,5235.npy
2165,5237.jpg,5237.npy
2166,5238.jpg,5238.npy
2167,5239.jpg,5239.npy
2168,5240.jpg,5240.npy
2169,5241.jpg,5241.npy
2170,5243.jpg,5243.npy
2171,5244.jpg,5244.npy
2172,5245.jpg,5245.npy
2173,5246.jpg,5246.npy
2174,5247.jpg,5247.npy
2175,5248.jpg,5248.npy
2176,5249.jpg,5249.npy
2177,5250.jpg,5250.npy
2178,5251.jpg,5251.npy
2179,5252.jpg,5252.npy
2180,5253.jpg,5253.npy
2181,5254.jpg,5254.npy
2182,5255.jpg,5255.npy
2183,5257.jpg,5257.npy
2184,5258.jpg,5258.npy
2185,5259.jpg,5259.npy
2186,5260.jpg,5260.npy
2187,5261.jpg,5261.npy
2188,5262.jpg,5262.npy
2189,5263.jpg,5263.npy
2190,5264.jpg,5264.npy
2191,5265.jpg,5265.npy
2192,5266.jpg,5266.npy
2193,5267.jpg,5267.npy
2194,5268.jpg,5268.npy
2195,5269.jpg,5269.npy
2196,5270.jpg,5270.npy
2197,5271.jpg,5271.npy
2198,5272.jpg,5272.npy
2199,5273.jpg,5273.npy
2200,5274.jpg,5274.npy
2201,5276.jpg,5276.npy
2202,5277.jpg,5277.npy
2203,5278.jpg,5278.npy
2204,5279.jpg,5279.npy
2205,5280.jpg,5280.npy
2206,5281.jpg,5281.npy
2207,5282.jpg,5282.npy
2208,5283.jpg,5283.npy
2209,5284.jpg,5284.npy
2210,5285.jpg,5285.npy
2211,5286.jpg,5286.npy
2212,5287.jpg,5287.npy
2213,5288.jpg,5288.npy
2214,5289.jpg,5289.npy
2215,5290.jpg,5290.npy
2216,5291.jpg,5291.npy
2217,5292.jpg,5292.npy
2218,5293.jpg,5293.npy
2219,5294.jpg,5294.npy
2220,5296.jpg,5296.npy
2221,5297.jpg,5297.npy
2222,5298.jpg,5298.npy
2223,5299.jpg,5299.npy
2224,5300.jpg,5300.npy
2225,5301.jpg,5301.npy
2226,5302.jpg,5302.npy
2227,5303.jpg,5303.npy
2228,5304.jpg,5304.npy
2229,5305.jpg,5305.npy
2230,5306.jpg,5306.npy
2231,5307.jpg,5307.npy
2232,5308.jpg,5308.npy
2233,5309.jpg,5309.npy
2234,5310.jpg,5310.npy
2235,5311.jpg,5311.npy
2236,5312.jpg,5312.npy
2237,5313.jpg,5313.npy
2238,5314.jpg,5314.npy
2239,5315.jpg,5315.npy
2240,5316.jpg,5316.npy
2241,5317.jpg,5317.npy
2242,5318.jpg,5318.npy
2243,5319.jpg,5319.npy
2244,5320.jpg,5320.npy
2245,5321.jpg,5321.npy
2246,5322.jpg,5322.npy
2247,5323.jpg,5323.npy
2248,5324.jpg,5324.npy
2249,5325.jpg,5325.npy
2250,5326.jpg,5326.npy
2251,5327.jpg,5327.npy
2252,5328.jpg,5328.npy
2253,5329.jpg,5329.npy
2254,5330.jpg,5330.npy
2255,5331.jpg,5331.npy
2256,5332.jpg,5332.npy
2257,5333.jpg,5333.npy
2258,5334.jpg,5334.npy
2259,5335.jpg,5335.npy
2260,5336.jpg,5336.npy
2261,5338.jpg,5338.npy
2262,5339.jpg,5339.npy
2263,5340.jpg,5340.npy
2264,5341.jpg,5341.npy
2265,5342.jpg,5342.npy
2266,5343.jpg,5343.npy
2267,5344.jpg,5344.npy
2268,5346.jpg,5346.npy
2269,5347.jpg,5347.npy
2270,5348.jpg,5348.npy
2271,5349.jpg,5349.npy
2272,5351.jpg,5351.npy
2273,5352.jpg,5352.npy
2274,5353.jpg,5353.npy
2275,5354.jpg,5354.npy
2276,5355.jpg,5355.npy
2277,5393.jpg,5393.npy
2278,5394.jpg,5394.npy
2279,5395.jpg,5395.npy
2280,5396.jpg,5396.npy
2281,5397.jpg,5397.npy
2282,5398.jpg,5398.npy
2283,5399.jpg,5399.npy
2284,5400.jpg,5400.npy
2285,5401.jpg,5401.npy
2286,5402.jpg,5402.npy
2287,5403.jpg,5403.npy
2288,5404.jpg,5404.npy
2289,5405.jpg,5405.npy
2290,5406.jpg,5406.npy
2291,5407.jpg,5407.npy
2292,5409.jpg,5409.npy
2293,5410.jpg,5410.npy
2294,5411.jpg,5411.npy
2295,5412.jpg,5412.npy
2296,5413.jpg,5413.npy
2297,5415.jpg,5415.npy
2298,5416.jpg,5416.npy
2299,5417.jpg,5417.npy
2300,5418.jpg,5418.npy
2301,5419.jpg,5419.npy
2302,5420.jpg,5420.npy
2303,5421.jpg,5421.npy
2304,5422.jpg,5422.npy
2305,5423.jpg,5423.npy
2306,5424.jpg,5424.npy
2307,5425.jpg,5425.npy
2308,5426.jpg,5426.npy
2309,5427.jpg,5427.npy
2310,5428.jpg,5428.npy
2311,5430.jpg,5430.npy
2312,5431.jpg,5431.npy
2313,5433.jpg,5433.npy
2314,5434.jpg,5434.npy
2315,5435.jpg,5435.npy
2316,5436.jpg,5436.npy
2317,5437.jpg,5437.npy
2318,5438.jpg,5438.npy
2319,5439.jpg,5439.npy
2320,5440.jpg,5440.npy
2321,5441.jpg,5441.npy
2322,5442.jpg,5442.npy
2323,5443.jpg,5443.npy
2324,5445.jpg,5445.npy
2325,5446.jpg,5446.npy
2326,5447.jpg,5447.npy
2327,5448.jpg,5448.npy
2328,5449.jpg,5449.npy
2329,5450.jpg,5450.npy
2330,5451.jpg,5451.npy
2331,5452.jpg,5452.npy
2332,5453.jpg,5453.npy
2333,5454.jpg,5454.npy
2334,5455.jpg,5455.npy
2335,5456.jpg,5456.npy
2336,5457.jpg,5457.npy
2337,5465.jpg,5465.npy
2338,5466.jpg,5466.npy
2339,5467.jpg,5467.npy
2340,5469.jpg,5469.npy
2341,5470.jpg,5470.npy
2342,5471.jpg,5471.npy
2343,5472.jpg,5472.npy
2344,5473.jpg,5473.npy
2345,5474.jpg,5474.npy
2346,5475.jpg,5475.npy
2347,5476.jpg,5476.npy
2348,5477.jpg,5477.npy
2349,5478.jpg,5478.npy
2350,5479.jpg,5479.npy
2351,5480.jpg,5480.npy
2352,5481.jpg,5481.npy
2353,5482.jpg,5482.npy
2354,5483.jpg,5483.npy
2355,5484.jpg,5484.npy
2356,5485.jpg,5485.npy
2357,5486.jpg,5486.npy
2358,5487.jpg,5487.npy
2359,5488.jpg,5488.npy
2360,5489.jpg,5489.npy
2361,5490.jpg,5490.npy
2362,5491.jpg,5491.npy
2363,5492.jpg,5492.npy
2364,5493.jpg,5493.npy
2365,5494.jpg,5494.npy
2366,5495.jpg,5495.npy
2367,5496.jpg,5496.npy
2368,5497.jpg,5497.npy
2369,5499.jpg,5499.npy
2370,5500.jpg,5500.npy
2371,5501.jpg,5501.npy
2372,5502.jpg,5502.npy
2373,5516.jpg,5516.npy
2374,5517.jpg,5517.npy
2375,5518.jpg,5518.npy
2376,5519.jpg,5519.npy
2377,5520.jpg,5520.npy
2378,5521.jpg,5521.npy
2379,5522.jpg,5522.npy
2380,5523.jpg,5523.npy
2381,5524.jpg,5524.npy
2382,5525.jpg,5525.npy
2383,5526.jpg,5526.npy
2384,5527.jpg,5527.npy
2385,5528.jpg,5528.npy
2386,5529.jpg,5529.npy
2387,5530.jpg,5530.npy
2388,5531.jpg,5531.npy
2389,5533.jpg,5533.npy
2390,5534.jpg,5534.npy
2391,5535.jpg,5535.npy
2392,5536.jpg,5536.npy
2393,5537.jpg,5537.npy
2394,5538.jpg,5538.npy
2395,5539.jpg,5539.npy
2396,5540.jpg,5540.npy
2397,5541.jpg,5541.npy
2398,5542.jpg,5542.npy
2399,5543.jpg,5543.npy
2400,5544.jpg,5544.npy
2401,5545.jpg,5545.npy
2402,5546.jpg,5546.npy
2403,5547.jpg,5547.npy
2404,5548.jpg,5548.npy
2405,5549.jpg,5549.npy
2406,5550.jpg,5550.npy
2407,5551.jpg,5551.npy
2408,5552.jpg,5552.npy
2409,5553.jpg,5553.npy
2410,5554.jpg,5554.npy
2411,5555.jpg,5555.npy
2412,5556.jpg,5556.npy
2413,5557.jpg,5557.npy
2414,5558.jpg,5558.npy
2415,5559.jpg,5559.npy
2416,5560.jpg,5560.npy
2417,5561.jpg,5561.npy
2418,5603.jpg,5603.npy
2419,5604.jpg,5604.npy
2420,5605.jpg,5605.npy
2421,5606.jpg,5606.npy
2422,5607.jpg,5607.npy
2423,5608.jpg,5608.npy
2424,5609.jpg,5609.npy
2425,5610.jpg,5610.npy
2426,5611.jpg,5611.npy
2427,5612.jpg,5612.npy
2428,5613.jpg,5613.npy
2429,5614.jpg,5614.npy
2430,5615.jpg,5615.npy
2431,5616.jpg,5616.npy
2432,5618.jpg,5618.npy
2433,5619.jpg,5619.npy
2434,5620.jpg,5620.npy
2435,5621.jpg,5621.npy
2436,5622.jpg,5622.npy
2437,5624.jpg,5624.npy
2438,5625.jpg,5625.npy
2439,5626.jpg,5626.npy
2440,5627.jpg,5627.npy
2441,5628.jpg,5628.npy
2442,5629.jpg,5629.npy
2443,5631.jpg,5631.npy
2444,5632.jpg,5632.npy
2445,5633.jpg,5633.npy
2446,5634.jpg,5634.npy
2447,5635.jpg,5635.npy
2448,5636.jpg,5636.npy
2449,5637.jpg,5637.npy
2450,5638.jpg,5638.npy
2451,5639.jpg,5639.npy
2452,5640.jpg,5640.npy
2453,5641.jpg,5641.npy
2454,5642.jpg,5642.npy
2455,5643.jpg,5643.npy
2456,5644.jpg,5644.npy
2457,5645.jpg,5645.npy
2458,5646.jpg,5646.npy
2459,5647.jpg,5647.npy
2460,5648.jpg,5648.npy
2461,5649.jpg,5649.npy
2462,5650.jpg,5650.npy
2463,5651.jpg,5651.npy
2464,5652.jpg,5652.npy
2465,5674.jpg,5674.npy
2466,5675.jpg,5675.npy
2467,5676.jpg,5676.npy
2468,5677.jpg,5677.npy
2469,5678.jpg,5678.npy
2470,5679.jpg,5679.npy
2471,5680.jpg,5680.npy
2472,5681.jpg,5681.npy
2473,5682.jpg,5682.npy
2474,5683.jpg,5683.npy
2475,5684.jpg,5684.npy
2476,5685.jpg,5685.npy
2477,5686.jpg,5686.npy
2478,5687.jpg,5687.npy
2479,5688.jpg,5688.npy
2480,5689.jpg,5689.npy
2481,5690.jpg,5690.npy
2482,5691.jpg,5691.npy
2483,5692.jpg,5692.npy
2484,5693.jpg,5693.npy
2485,5695.jpg,5695.npy
2486,5696.jpg,5696.npy
2487,5697.jpg,5697.npy
2488,5698.jpg,5698.npy
2489,5699.jpg,5699.npy
2490,5700.jpg,5700.npy
2491,5701.jpg,5701.npy
2492,5702.jpg,5702.npy
2493,5703.jpg,5703.npy
2494,5704.jpg,5704.npy
2495,5705.jpg,5705.npy
2496,5706.jpg,5706.npy
2497,5709.jpg,5709.npy
2498,5710.jpg,5710.npy
2499,5711.jpg,5711.npy
2500,5712.jpg,5712.npy
2501,5713.jpg,5713.npy
2502,5714.jpg,5714.npy
2503,5715.jpg,5715.npy
2504,5716.jpg,5716.npy
2505,5717.jpg,5717.npy
2506,5718.jpg,5718.npy
2507,5719.jpg,5719.npy
2508,5720.jpg,5720.npy
2509,5721.jpg,5721.npy
2510,5722.jpg,5722.npy
2511,5723.jpg,5723.npy
2512,5724.jpg,5724.npy
2513,5725.jpg,5725.npy
2514,5726.jpg,5726.npy
2515,5727.jpg,5727.npy
2516,5728.jpg,5728.npy
2517,5729.jpg,5729.npy
2518,5731.jpg,5731.npy
2519,5732.jpg,5732.npy
2520,5733.jpg,5733.npy
2521,5734.jpg,5734.npy
2522,5749.jpg,5749.npy
2523,5750.jpg,5750.npy
2524,5751.jpg,5751.npy
2525,5752.jpg,5752.npy
2526,5753.jpg,5753.npy
2527,5754.jpg,5754.npy
2528,5755.jpg,5755.npy
2529,5756.jpg,5756.npy
2530,5758.jpg,5758.npy
2531,5759.jpg,5759.npy
2532,5760.jpg,5760.npy
2533,5761.jpg,5761.npy
2534,5762.jpg,5762.npy
2535,5763.jpg,5763.npy
2536,5764.jpg,5764.npy
2537,5765.jpg,5765.npy
2538,5766.jpg,5766.npy
2539,5767.jpg,5767.npy
2540,5769.jpg,5769.npy
2541,5770.jpg,5770.npy
2542,5771.jpg,5771.npy
2543,5772.jpg,5772.npy
2544,5774.jpg,5774.npy
2545,5775.jpg,5775.npy
2546,5776.jpg,5776.npy
2547,5777.jpg,5777.npy
2548,5778.jpg,5778.npy
2549,5779.jpg,5779.npy
2550,5780.jpg,5780.npy
2551,5781.jpg,5781.npy
2552,5782.jpg,5782.npy
2553,5783.jpg,5783.npy
2554,5784.jpg,5784.npy
2555,5785.jpg,5785.npy
2556,5786.jpg,5786.npy
2557,5787.jpg,5787.npy
2558,5788.jpg,5788.npy
2559,5789.jpg,5789.npy
2560,5790.jpg,5790.npy
2561,5945.jpg,5945.npy
2562,5946.jpg,5946.npy
2563,5953.jpg,5953.npy
2564,5954.jpg,5954.npy
2565,5955.jpg,5955.npy
2566,5956.jpg,5956.npy
2567,5957.jpg,5957.npy
2568,5958.jpg,5958.npy
2569,5959.jpg,5959.npy
2570,5960.jpg,5960.npy
2571,5961.jpg,5961.npy
2572,5962.jpg,5962.npy
2573,5963.jpg,5963.npy
2574,5964.jpg,5964.npy
2575,5965.jpg,5965.npy
2576,5966.jpg,5966.npy
2577,5967.jpg,5967.npy
2578,5968.jpg,5968.npy
2579,5969.jpg,5969.npy
2580,5970.jpg,5970.npy
2581,5971.jpg,5971.npy
2582,5972.jpg,5972.npy
2583,5973.jpg,5973.npy
2584,5974.jpg,5974.npy
2585,5975.jpg,5975.npy
2586,5976.jpg,5976.npy
2587,5977.jpg,5977.npy
2588,5978.jpg,5978.npy
2589,5979.jpg,5979.npy
2590,5980.jpg,5980.npy
2591,5981.jpg,5981.npy
2592,5982.jpg,5982.npy
2593,5983.jpg,5983.npy
2594,5984.jpg,5984.npy
2595,5985.jpg,5985.npy
2596,5986.jpg,5986.npy
2597,5987.jpg,5987.npy
2598,5988.jpg,5988.npy
2599,5989.jpg,5989.npy
2600,5990.jpg,5990.npy
2601,5991.jpg,5991.npy
2602,5992.jpg,5992.npy
2603,5993.jpg,5993.npy
2604,5994.jpg,5994.npy
2605,5995.jpg,5995.npy
2606,5996.jpg,5996.npy
2607,5997.jpg,5997.npy
2608,5998.jpg,5998.npy
2609,5999.jpg,5999.npy
2610,6000.jpg,6000.npy
2611,6001.jpg,6001.npy
2612,6002.jpg,6002.npy
2613,6003.jpg,6003.npy
2614,6004.jpg,6004.npy
2615,6005.jpg,6005.npy
2616,6006.jpg,6006.npy
2617,6007.jpg,6007.npy
2618,6008.jpg,6008.npy
2619,6009.jpg,6009.npy
2620,6010.jpg,6010.npy
2621,6011.jpg,6011.npy
2622,6012.jpg,6012.npy
2623,6013.jpg,6013.npy
2624,6014.jpg,6014.npy
2625,6015.jpg,6015.npy
2626,6016.jpg,6016.npy
2627,6017.jpg,6017.npy
2628,6019.jpg,6019.npy
2629,6020.jpg,6020.npy
2630,6021.jpg,6021.npy
2631,6022.jpg,6022.npy
2632,6023.jpg,6023.npy
2633,6024.jpg,6024.npy
2634,6025.jpg,6025.npy
2635,6026.jpg,6026.npy
2636,6027.jpg,6027.npy
2637,6028.jpg,6028.npy
2638,6029.jpg,6029.npy
2639,6030.jpg,6030.npy
2640,6031.jpg,6031.npy
2641,6032.jpg,6032.npy
2642,6033.jpg,6033.npy
2643,6034.jpg,6034.npy
2644,6035.jpg,6035.npy
2645,6036.jpg,6036.npy
2646,6037.jpg,6037.npy
2647,6038.jpg,6038.npy
2648,6039.jpg,6039.npy
2649,6040.jpg,6040.npy
2650,6041.jpg,6041.npy
2651,6123.jpg,6123.npy
2652,6124.jpg,6124.npy
2653,6125.jpg,6125.npy
2654,6126.jpg,6126.npy
2655,6127.jpg,6127.npy
2656,6128.jpg,6128.npy
2657,6129.jpg,6129.npy
2658,6130.jpg,6130.npy
2659,6131.jpg,6131.npy
2660,6132.jpg,6132.npy
2661,6133.jpg,6133.npy
2662,6134.jpg,6134.npy
2663,6135.jpg,6135.npy
2664,6136.jpg,6136.npy
2665,6137.jpg,6137.npy
2666,6138.jpg,6138.npy
2667,6139.jpg,6139.npy
2668,6140.jpg,6140.npy
2669,6141.jpg,6141.npy
2670,6142.jpg,6142.npy
2671,6143.jpg,6143.npy
2672,6144.jpg,6144.npy
2673,6145.jpg,6145.npy
2674,6146.jpg,6146.npy
2675,6147.jpg,6147.npy
2676,6148.jpg,6148.npy
2677,6149.jpg,6149.npy
2678,6150.jpg,6150.npy
2679,6151.jpg,6151.npy
2680,6152.jpg,6152.npy
2681,6153.jpg,6153.npy
2682,6154.jpg,6154.npy
2683,6155.jpg,6155.npy
2684,6156.jpg,6156.npy
2685,6157.jpg,6157.npy
2686,6158.jpg,6158.npy
2687,6159.jpg,6159.npy
2688,6160.jpg,6160.npy
2689,6161.jpg,6161.npy
2690,6162.jpg,6162.npy
2691,6163.jpg,6163.npy
2692,6164.jpg,6164.npy
2693,6165.jpg,6165.npy
2694,6166.jpg,6166.npy
2695,6167.jpg,6167.npy
2696,6168.jpg,6168.npy
2697,6169.jpg,6169.npy
2698,6170.jpg,6170.npy
2699,6171.jpg,6171.npy
2700,6172.jpg,6172.npy
2701,6173.jpg,6173.npy
2702,6174.jpg,6174.npy
2703,6175.jpg,6175.npy
2704,6176.jpg,6176.npy
2705,6177.jpg,6177.npy
2706,6178.jpg,6178.npy
2707,6179.jpg,6179.npy
2708,6180.jpg,6180.npy
2709,6181.jpg,6181.npy
2710,6182.jpg,6182.npy
2711,6183.jpg,6183.npy
2712,6184.jpg,6184.npy
2713,6185.jpg,6185.npy
2714,6186.jpg,6186.npy
2715,6187.jpg,6187.npy
2716,6188.jpg,6188.npy
2717,6189.jpg,6189.npy
2718,6190.jpg,6190.npy
2719,6191.jpg,6191.npy
2720,6192.jpg,6192.npy
2721,6193.jpg,6193.npy
2722,6194.jpg,6194.npy
2723,6195.jpg,6195.npy
2724,6196.jpg,6196.npy
2725,6197.jpg,6197.npy
2726,6198.jpg,6198.npy
2727,6199.jpg,6199.npy
2728,6200.jpg,6200.npy
2729,6201.jpg,6201.npy
2730,6202.jpg,6202.npy
2731,6203.jpg,6203.npy
2732,6204.jpg,6204.npy
2733,6205.jpg,6205.npy
2734,6206.jpg,6206.npy
2735,6207.jpg,6207.npy
2736,6208.jpg,6208.npy
2737,6209.jpg,6209.npy
2738,6210.jpg,6210.npy
2739,6211.jpg,6211.npy
2740,6212.jpg,6212.npy
2741,6213.jpg,6213.npy
2742,6214.jpg,6214.npy
2743,6216.jpg,6216.npy
2744,6217.jpg,6217.npy
2745,6218.jpg,6218.npy
2746,6219.jpg,6219.npy
2747,6220.jpg,6220.npy
2748,6221.jpg,6221.npy
2749,6222.jpg,6222.npy
2750,6223.jpg,6223.npy
2751,6224.jpg,6224.npy
2752,6225.jpg,6225.npy
2753,6226.jpg,6226.npy
2754,6227.jpg,6227.npy
2755,6228.jpg,6228.npy
2756,6229.jpg,6229.npy
2757,6230.jpg,6230.npy
2758,6231.jpg,6231.npy
2759,6232.jpg,6232.npy
2760,6233.jpg,6233.npy
2761,6234.jpg,6234.npy
2762,6235.jpg,6235.npy
2763,6236.jpg,6236.npy
2764,6237.jpg,6237.npy
2765,6238.jpg,6238.npy
2766,6239.jpg,6239.npy
2767,6308.jpg,6308.npy
2768,6309.jpg,6309.npy
2769,6310.jpg,6310.npy
2770,6311.jpg,6311.npy
2771,6313.jpg,6313.npy
2772,6314.jpg,6314.npy
2773,6315.jpg,6315.npy
2774,6316.jpg,6316.npy
2775,6317.jpg,6317.npy
2776,6318.jpg,6318.npy
2777,6319.jpg,6319.npy
2778,6320.jpg,6320.npy
2779,6321.jpg,6321.npy
2780,6322.jpg,6322.npy
2781,6323.jpg,6323.npy
2782,6324.jpg,6324.npy
2783,6325.jpg,6325.npy
2784,6326.jpg,6326.npy
2785,6327.jpg,6327.npy
2786,6328.jpg,6328.npy
2787,6329.jpg,6329.npy
2788,6330.jpg,6330.npy
2789,6331.jpg,6331.npy
2790,6332.jpg,6332.npy
2791,6333.jpg,6333.npy
2792,6334.jpg,6334.npy
2793,6335.jpg,6335.npy
2794,6336.jpg,6336.npy
2795,6337.jpg,6337.npy
2796,6338.jpg,6338.npy
2797,6339.jpg,6339.npy
2798,6340.jpg,6340.npy
2799,6341.jpg,6341.npy
2800,6342.jpg,6342.npy
2801,6343.jpg,6343.npy
2802,6344.jpg,6344.npy
2803,6345.jpg,6345.npy
2804,6346.jpg,6346.npy
2805,6347.jpg,6347.npy
2806,6348.jpg,6348.npy
2807,6349.jpg,6349.npy
2808,6350.jpg,6350.npy
2809,6351.jpg,6351.npy
2810,6352.jpg,6352.npy
2811,6353.jpg,6353.npy
2812,6354.jpg,6354.npy
2813,6355.jpg,6355.npy
2814,6356.jpg,6356.npy
2815,6357.jpg,6357.npy
2816,6358.jpg,6358.npy
2817,6359.jpg,6359.npy
2818,6360.jpg,6360.npy
2819,6361.jpg,6361.npy
2820,6362.jpg,6362.npy
2821,6363.jpg,6363.npy
2822,6364.jpg,6364.npy
2823,6365.jpg,6365.npy
2824,6366.jpg,6366.npy
2825,6367.jpg,6367.npy
2826,6368.jpg,6368.npy
2827,6369.jpg,6369.npy
2828,6370.jpg,6370.npy
2829,6371.jpg,6371.npy
2830,6372.jpg,6372.npy
2831,6373.jpg,6373.npy
2832,6374.jpg,6374.npy
2833,6375.jpg,6375.npy
2834,6376.jpg,6376.npy
2835,6377.jpg,6377.npy
2836,6378.jpg,6378.npy
2837,6379.jpg,6379.npy
2838,6380.jpg,6380.npy
2839,6381.jpg,6381.npy
2840,6382.jpg,6382.npy
2841,6383.jpg,6383.npy
2842,6384.jpg,6384.npy
2843,6385.jpg,6385.npy
2844,6386.jpg,6386.npy
2845,6387.jpg,6387.npy
2846,6388.jpg,6388.npy
2847,6389.jpg,6389.npy
2848,6390.jpg,6390.npy
2849,6391.jpg,6391.npy
2850,6392.jpg,6392.npy
2851,6393.jpg,6393.npy
2852,6394.jpg,6394.npy
2853,6395.jpg,6395.npy
2854,6396.jpg,6396.npy
2855,6397.jpg,6397.npy
2856,6398.jpg,6398.npy
2857,6399.jpg,6399.npy
2858,6400.jpg,6400.npy
2859,6401.jpg,6401.npy
2860,6402.jpg,6402.npy
2861,6403.jpg,6403.npy
2862,6404.jpg,6404.npy
2863,6405.jpg,6405.npy
2864,6406.jpg,6406.npy
2865,6407.jpg,6407.npy
2866,6408.jpg,6408.npy
2867,6409.jpg,6409.npy
2868,6410.jpg,6410.npy
2869,6411.jpg,6411.npy
2870,6412.jpg,6412.npy
2871,6413.jpg,6413.npy
2872,6414.jpg,6414.npy
2873,6415.jpg,6415.npy
2874,6416.jpg,6416.npy
2875,6417.jpg,6417.npy
2876,6418.jpg,6418.npy
2877,6419.jpg,6419.npy
2878,6420.jpg,6420.npy
2879,6421.jpg,6421.npy
2880,6422.jpg,6422.npy
2881,6423.jpg,6423.npy
2882,6424.jpg,6424.npy
2883,6425.jpg,6425.npy
2884,6426.jpg,6426.npy
2885,6427.jpg,6427.npy
2886,6428.jpg,6428.npy
2887,6429.jpg,6429.npy
2888,6430.jpg,6430.npy
2889,6431.jpg,6431.npy
2890,6432.jpg,6432.npy
2891,6433.jpg,6433.npy
2892,6434.jpg,6434.npy
2893,6435.jpg,6435.npy
2894,6436.jpg,6436.npy
2895,6437.jpg,6437.npy
2896,6438.jpg,6438.npy
2897,6439.jpg,6439.npy
2898,6440.jpg,6440.npy
2899,6441.jpg,6441.npy
2900,6442.jpg,6442.npy
2901,6443.jpg,6443.npy
2902,6444.jpg,6444.npy
2903,6445.jpg,6445.npy
2904,6446.jpg,6446.npy
2905,6447.jpg,6447.npy
2906,6448.jpg,6448.npy
2907,6449.jpg,6449.npy
2908,6450.jpg,6450.npy
2909,6451.jpg,6451.npy
2910,6452.jpg,6452.npy
2911,6453.jpg,6453.npy
2912,6454.jpg,6454.npy
2913,6455.jpg,6455.npy
2914,6456.jpg,6456.npy
2915,6457.jpg,6457.npy
2916,6458.jpg,6458.npy
2917,6459.jpg,6459.npy
2918,6460.jpg,6460.npy
2919,6461.jpg,6461.npy
2920,6462.jpg,6462.npy
2921,6463.jpg,6463.npy
2922,6464.jpg,6464.npy
2923,6465.jpg,6465.npy
2924,6466.jpg,6466.npy
2925,6467.jpg,6467.npy
2926,6468.jpg,6468.npy
2927,6469.jpg,6469.npy
2928,6470.jpg,6470.npy
2929,6471.jpg,6471.npy
2930,6472.jpg,6472.npy
2931,6473.jpg,6473.npy
2932,6474.jpg,6474.npy
2933,6475.jpg,6475.npy
2934,6476.jpg,6476.npy
2935,6477.jpg,6477.npy
2936,6478.jpg,6478.npy
2937,6479.jpg,6479.npy
2938,6480.jpg,6480.npy
2939,6481.jpg,6481.npy
2940,6482.jpg,6482.npy
2941,6483.jpg,6483.npy
2942,6484.jpg,6484.npy
2943,6485.jpg,6485.npy
2944,6486.jpg,6486.npy
2945,6487.jpg,6487.npy
2946,6488.jpg,6488.npy
2947,6489.jpg,6489.npy
2948,6490.jpg,6490.npy
2949,6491.jpg,6491.npy
2950,6492.jpg,6492.npy
2951,6493.jpg,6493.npy
2952,6494.jpg,6494.npy
2953,6495.jpg,6495.npy
2954,6496.jpg,6496.npy
2955,6497.jpg,6497.npy
2956,6498.jpg,6498.npy
2957,6499.jpg,6499.npy
2958,6500.jpg,6500.npy
2959,6501.jpg,6501.npy
2960,6502.jpg,6502.npy
2961,6503.jpg,6503.npy
2962,6504.jpg,6504.npy
2963,6505.jpg,6505.npy
2964,6506.jpg,6506.npy
2965,6507.jpg,6507.npy
2966,6508.jpg,6508.npy
2967,6509.jpg,6509.npy
2968,6510.jpg,6510.npy
2969,6511.jpg,6511.npy
2970,6513.jpg,6513.npy
2971,6514.jpg,6514.npy
2972,6515.jpg,6515.npy
2973,6516.jpg,6516.npy
2974,6517.jpg,6517.npy
2975,6518.jpg,6518.npy
2976,6519.jpg,6519.npy
2977,6520.jpg,6520.npy
2978,6521.jpg,6521.npy
2979,6522.jpg,6522.npy
2980,6523.jpg,6523.npy
2981,6524.jpg,6524.npy
2982,6525.jpg,6525.npy
2983,6526.jpg,6526.npy
2984,6527.jpg,6527.npy
2985,6528.jpg,6528.npy
2986,6529.jpg,6529.npy
2987,6530.jpg,6530.npy
2988,6531.jpg,6531.npy
2989,6532.jpg,6532.npy
2990,6533.jpg,6533.npy
2991,6534.jpg,6534.npy
2992,6535.jpg,6535.npy
2993,6536.jpg,6536.npy
2994,6537.jpg,6537.npy
2995,6538.jpg,6538.npy
2996,6539.jpg,6539.npy
2997,6540.jpg,6540.npy
2998,6541.jpg,6541.npy
2999,6542.jpg,6542.npy
3000,6543.jpg,6543.npy
3001,6544.jpg,6544.npy
3002,6545.jpg,6545.npy
3003,6546.jpg,6546.npy
3004,6551.jpg,6551.npy
3005,6552.jpg,6552.npy
3006,6553.jpg,6553.npy
3007,6554.jpg,6554.npy
3008,6555.jpg,6555.npy
3009,6556.jpg,6556.npy
3010,6557.jpg,6557.npy
3011,6558.jpg,6558.npy
3012,6559.jpg,6559.npy
3013,6560.jpg,6560.npy
3014,6561.jpg,6561.npy
3015,6562.jpg,6562.npy
3016,6563.jpg,6563.npy
3017,6564.jpg,6564.npy
3018,6565.jpg,6565.npy
3019,6566.jpg,6566.npy
3020,6567.jpg,6567.npy
3021,6568.jpg,6568.npy
3022,6569.jpg,6569.npy
3023,6570.jpg,6570.npy
3024,6571.jpg,6571.npy
3025,6572.jpg,6572.npy
3026,6573.jpg,6573.npy
3027,6574.jpg,6574.npy
3028,6575.jpg,6575.npy
3029,6576.jpg,6576.npy
3030,6577.jpg,6577.npy
3031,6578.jpg,6578.npy
3032,6579.jpg,6579.npy
3033,6580.jpg,6580.npy
3034,6581.jpg,6581.npy
3035,6582.jpg,6582.npy
3036,6583.jpg,6583.npy
3037,6584.jpg,6584.npy
3038,6585.jpg,6585.npy
3039,6586.jpg,6586.npy
3040,6587.jpg,6587.npy
3041,6588.jpg,6588.npy
3042,6589.jpg,6589.npy
3043,6590.jpg,6590.npy
3044,6591.jpg,6591.npy
3045,6592.jpg,6592.npy
3046,6593.jpg,6593.npy
3047,6594.jpg,6594.npy
3048,6595.jpg,6595.npy
3049,6596.jpg,6596.npy
3050,6597.jpg,6597.npy
3051,6598.jpg,6598.npy
3052,6599.jpg,6599.npy
3053,6600.jpg,6600.npy
3054,6601.jpg,6601.npy
3055,6602.jpg,6602.npy
3056,6603.jpg,6603.npy
3057,6604.jpg,6604.npy
3058,6605.jpg,6605.npy
3059,6606.jpg,6606.npy
3060,6607.jpg,6607.npy
3061,6608.jpg,6608.npy
3062,6609.jpg,6609.npy
3063,6610.jpg,6610.npy
3064,6611.jpg,6611.npy
3065,6612.jpg,6612.npy
3066,6613.jpg,6613.npy
3067,6614.jpg,6614.npy
3068,6615.jpg,6615.npy
3069,6616.jpg,6616.npy
3070,6617.jpg,6617.npy
3071,6618.jpg,6618.npy
3072,6619.jpg,6619.npy
3073,6620.jpg,6620.npy
3074,6621.jpg,6621.npy
3075,6622.jpg,6622.npy
3076,6623.jpg,6623.npy
3077,6624.jpg,6624.npy
3078,6625.jpg,6625.npy
3079,6626.jpg,6626.npy
3080,6627.jpg,6627.npy
3081,6628.jpg,6628.npy
3082,6629.jpg,6629.npy
3083,6630.jpg,6630.npy
3084,6631.jpg,6631.npy
3085,6632.jpg,6632.npy
3086,6633.jpg,6633.npy
3087,6634.jpg,6634.npy
3088,6635.jpg,6635.npy
3089,6636.jpg,6636.npy
3090,6637.jpg,6637.npy
3091,6638.jpg,6638.npy
3092,6639.jpg,6639.npy
3093,6640.jpg,6640.npy
3094,6641.jpg,6641.npy
3095,6642.jpg,6642.npy
3096,6662.jpg,6662.npy
3097,6663.jpg,6663.npy
3098,6664.jpg,6664.npy
3099,6665.jpg,6665.npy
3100,6666.jpg,6666.npy
3101,6667.jpg,6667.npy
3102,6668.jpg,6668.npy
3103,6669.jpg,6669.npy
3104,6670.jpg,6670.npy
3105,6671.jpg,6671.npy
3106,6672.jpg,6672.npy
3107,6673.jpg,6673.npy
3108,6674.jpg,6674.npy
3109,6675.jpg,6675.npy
3110,6676.jpg,6676.npy
3111,6677.jpg,6677.npy
3112,6678.jpg,6678.npy
3113,6679.jpg,6679.npy
3114,6680.jpg,6680.npy
3115,6681.jpg,6681.npy
3116,6682.jpg,6682.npy
3117,6683.jpg,6683.npy
3118,6684.jpg,6684.npy
3119,6685.jpg,6685.npy
3120,6686.jpg,6686.npy
3121,6687.jpg,6687.npy
3122,6688.jpg,6688.npy
3123,6689.jpg,6689.npy
3124,6690.jpg,6690.npy
3125,6691.jpg,6691.npy
3126,6692.jpg,6692.npy
3127,6693.jpg,6693.npy
3128,6694.jpg,6694.npy
3129,6695.jpg,6695.npy
3130,6696.jpg,6696.npy
3131,6697.jpg,6697.npy
3132,6698.jpg,6698.npy
3133,6699.jpg,6699.npy
3134,6700.jpg,6700.npy
3135,6701.jpg,6701.npy
3136,6702.jpg,6702.npy
3137,6703.jpg,6703.npy
3138,6704.jpg,6704.npy
3139,6705.jpg,6705.npy
3140,6706.jpg,6706.npy
3141,6707.jpg,6707.npy
3142,6708.jpg,6708.npy
3143,6709.jpg,6709.npy
3144,6942.jpg,6942.npy
3145,7612.jpg,7612.npy
3146,6816.jpg,6816.npy
3147,6966.jpg,6966.npy
3148,7026.jpg,7026.npy
3149,7629.jpg,7629.npy
3150,7690.jpg,7690.npy
3151,7275.jpg,7275.npy
3152,6883.jpg,6883.npy
3153,6913.jpg,6913.npy
3154,7497.jpg,7497.npy
3155,7177.jpg,7177.npy
3156,6786.jpg,6786.npy
3157,7363.jpg,7363.npy
3158,6740.jpg,6740.npy
3159,7546.jpg,7546.npy
3160,7353.jpg,7353.npy
3161,7337.jpg,7337.npy
3162,7194.jpg,7194.npy
3163,7699.jpg,7699.npy
3164,7696.jpg,7696.npy
3165,7599.jpg,7599.npy
3166,6781.jpg,6781.npy
3167,6917.jpg,6917.npy
3168,7395.jpg,7395.npy
3169,6949.jpg,6949.npy
3170,7246.jpg,7246.npy
3171,7641.jpg,7641.npy
3172,7591.jpg,7591.npy
3173,6982.jpg,6982.npy
3174,7032.jpg,7032.npy
3175,6850.jpg,6850.npy
3176,7562.jpg,7562.npy
3177,7654.jpg,7654.npy
3178,6812.jpg,6812.npy
3179,7294.jpg,7294.npy
3180,7409.jpg,7409.npy
3181,7634.jpg,7634.npy
3182,7025.jpg,7025.npy
3183,7597.jpg,7597.npy
3184,6967.jpg,6967.npy
3185,7322.jpg,7322.npy
3186,6968.jpg,6968.npy
3187,7279.jpg,7279.npy
3188,6951.jpg,6951.npy
3189,7054.jpg,7054.npy
3190,7038.jpg,7038.npy
3191,6730.jpg,6730.npy
3192,7705.jpg,7705.npy
3193,7653.jpg,7653.npy
3194,7495.jpg,7495.npy
3195,7505.jpg,7505.npy
3196,6880.jpg,6880.npy
3197,7685.jpg,7685.npy
3198,7092.jpg,7092.npy
3199,6792.jpg,6792.npy
3200,7468.jpg,7468.npy
3201,7350.jpg,7350.npy
3202,7489.jpg,7489.npy
3203,6761.jpg,6761.npy
3204,6719.jpg,6719.npy
3205,7669.jpg,7669.npy
3206,6867.jpg,6867.npy
3207,7238.jpg,7238.npy
3208,7559.jpg,7559.npy
3209,7196.jpg,7196.npy
3210,7296.jpg,7296.npy
3211,6903.jpg,6903.npy
3212,7437.jpg,7437.npy
3213,7320.jpg,7320.npy
3214,7053.jpg,7053.npy
3215,6766.jpg,6766.npy
3216,7548.jpg,7548.npy
3217,6834.jpg,6834.npy
3218,7352.jpg,7352.npy
3219,6870.jpg,6870.npy
3220,7230.jpg,7230.npy
3221,6818.jpg,6818.npy
3222,7454.jpg,7454.npy
3223,6999.jpg,6999.npy
3224,6972.jpg,6972.npy
3225,6844.jpg,6844.npy
3226,7059.jpg,7059.npy
3227,7285.jpg,7285.npy
3228,7407.jpg,7407.npy
3229,7147.jpg,7147.npy
3230,7356.jpg,7356.npy
3231,7478.jpg,7478.npy
3232,7048.jpg,7048.npy
3233,7272.jpg,7272.npy
3234,7005.jpg,7005.npy
3235,6731.jpg,6731.npy
3236,6945.jpg,6945.npy
3237,7168.jpg,7168.npy
3238,7603.jpg,7603.npy
3239,6974.jpg,6974.npy
3240,7101.jpg,7101.npy
3241,6878.jpg,6878.npy
3242,7057.jpg,7057.npy
3243,6929.jpg,6929.npy
3244,7068.jpg,7068.npy
3245,7458.jpg,7458.npy
3246,6745.jpg,6745.npy
3247,7052.jpg,7052.npy
3248,6808.jpg,6808.npy
3249,7202.jpg,7202.npy
3250,7185.jpg,7185.npy
3251,7397.jpg,7397.npy
3252,7130.jpg,7130.npy
3253,6762.jpg,6762.npy
3254,7638.jpg,7638.npy
3255,7644.jpg,7644.npy
3256,7646.jpg,7646.npy
3257,7675.jpg,7675.npy
3258,7621.jpg,7621.npy
3259,6789.jpg,6789.npy
3260,7628.jpg,7628.npy
3261,7620.jpg,7620.npy
3262,7268.jpg,7268.npy
3263,6889.jpg,6889.npy
3264,7708.jpg,7708.npy
3265,6712.jpg,6712.npy
3266,6755.jpg,6755.npy
3267,7400.jpg,7400.npy
3268,7385.jpg,7385.npy
3269,7229.jpg,7229.npy
3270,7553.jpg,7553.npy
3271,7343.jpg,7343.npy
3272,6805.jpg,6805.npy
3273,7324.jpg,7324.npy
3274,6899.jpg,6899.npy
3275,7031.jpg,7031.npy
3276,7007.jpg,7007.npy
3277,7158.jpg,7158.npy
3278,7276.jpg,7276.npy
3279,7256.jpg,7256.npy
3280,7607.jpg,7607.npy
3281,7017.jpg,7017.npy
3282,7465.jpg,7465.npy
3283,6915.jpg,6915.npy
3284,7408.jpg,7408.npy
3285,7456.jpg,7456.npy
3286,7429.jpg,7429.npy
3287,7112.jpg,7112.npy
3288,7184.jpg,7184.npy
3289,6717.jpg,6717.npy
3290,7569.jpg,7569.npy
3291,6817.jpg,6817.npy
3292,7172.jpg,7172.npy
3293,6975.jpg,6975.npy
3294,6757.jpg,6757.npy
3295,7072.jpg,7072.npy
3296,6998.jpg,6998.npy
3297,7670.jpg,7670.npy
3298,6734.jpg,6734.npy
3299,7369.jpg,7369.npy
3300,7672.jpg,7672.npy
3301,7652.jpg,7652.npy
3302,7358.jpg,7358.npy
3303,7469.jpg,7469.npy
3304,7657.jpg,7657.npy
3305,7626.jpg,7626.npy
3306,6746.jpg,6746.npy
3307,6727.jpg,6727.npy
3308,7585.jpg,7585.npy
3309,7170.jpg,7170.npy
3310,7677.jpg,7677.npy
3311,7697.jpg,7697.npy
3312,7160.jpg,7160.npy
3313,7010.jpg,7010.npy
3314,6754.jpg,6754.npy
3315,6843.jpg,6843.npy
3316,7425.jpg,7425.npy
3317,7453.jpg,7453.npy
3318,7255.jpg,7255.npy
3319,6826.jpg,6826.npy
3320,7142.jpg,7142.npy
3321,6874.jpg,6874.npy
3322,7608.jpg,7608.npy
3323,7150.jpg,7150.npy
3324,7692.jpg,7692.npy
3325,7405.jpg,7405.npy
3326,7235.jpg,7235.npy
3327,7254.jpg,7254.npy
3328,7156.jpg,7156.npy
3329,7078.jpg,7078.npy
3330,7467.jpg,7467.npy
3331,7376.jpg,7376.npy
3332,7571.jpg,7571.npy
3333,6887.jpg,6887.npy
3334,6720.jpg,6720.npy
3335,7332.jpg,7332.npy
3336,7572.jpg,7572.npy
3337,6952.jpg,6952.npy
3338,7261.jpg,7261.npy
3339,7355.jpg,7355.npy
3340,7441.jpg,7441.npy
3341,7227.jpg,7227.npy
3342,6749.jpg,6749.npy
3343,7166.jpg,7166.npy
3344,7439.jpg,7439.npy
3345,7008.jpg,7008.npy
3346,7528.jpg,7528.npy
3347,7464.jpg,7464.npy
3348,7379.jpg,7379.npy
3349,7154.jpg,7154.npy
3350,7213.jpg,7213.npy
3351,7351.jpg,7351.npy
3352,7220.jpg,7220.npy
3353,7396.jpg,7396.npy
3354,7335.jpg,7335.npy
3355,7313.jpg,7313.npy
3356,6992.jpg,6992.npy
3357,7524.jpg,7524.npy
3358,7402.jpg,7402.npy
3359,7119.jpg,7119.npy
3360,7574.jpg,7574.npy
3361,7470.jpg,7470.npy
3362,7575.jpg,7575.npy
3363,6776.jpg,6776.npy
3364,7214.jpg,7214.npy
3365,7274.jpg,7274.npy
3366,6774.jpg,6774.npy
3367,6970.jpg,6970.npy
3368,7232.jpg,7232.npy
3369,6953.jpg,6953.npy
3370,7218.jpg,7218.npy
3371,7340.jpg,7340.npy
3372,6861.jpg,6861.npy
3373,7664.jpg,7664.npy
3374,7210.jpg,7210.npy
3375,7151.jpg,7151.npy
3376,7327.jpg,7327.npy
3377,7331.jpg,7331.npy
3378,7303.jpg,7303.npy
3379,7552.jpg,7552.npy
3380,6780.jpg,6780.npy
3381,7416.jpg,7416.npy
3382,6976.jpg,6976.npy
3383,7186.jpg,7186.npy
3384,7432.jpg,7432.npy
3385,6831.jpg,6831.npy
3386,7073.jpg,7073.npy
3387,7485.jpg,7485.npy
3388,7074.jpg,7074.npy
3389,7035.jpg,7035.npy
3390,6752.jpg,6752.npy
3391,7302.jpg,7302.npy
3392,7244.jpg,7244.npy
3393,7211.jpg,7211.npy
3394,7141.jpg,7141.npy
3395,7044.jpg,7044.npy
3396,7289.jpg,7289.npy
3397,6763.jpg,6763.npy
3398,7479.jpg,7479.npy
3399,7703.jpg,7703.npy
3400,7270.jpg,7270.npy
3401,7373.jpg,7373.npy
3402,7496.jpg,7496.npy
3403,6769.jpg,6769.npy
3404,7357.jpg,7357.npy
3405,6747.jpg,6747.npy
3406,7447.jpg,7447.npy
3407,7310.jpg,7310.npy
3408,7242.jpg,7242.npy
3409,7189.jpg,7189.npy
3410,7311.jpg,7311.npy
3411,6921.jpg,6921.npy
3412,6837.jpg,6837.npy
3413,7180.jpg,7180.npy
3414,6963.jpg,6963.npy
3415,6851.jpg,6851.npy
3416,7046.jpg,7046.npy
3417,6997.jpg,6997.npy
3418,7560.jpg,7560.npy
3419,7663.jpg,7663.npy
3420,7336.jpg,7336.npy
3421,7103.jpg,7103.npy
3422,6790.jpg,6790.npy
3423,6958.jpg,6958.npy
3424,6937.jpg,6937.npy
3425,7089.jpg,7089.npy
3426,7115.jpg,7115.npy
3427,7102.jpg,7102.npy
3428,6912.jpg,6912.npy
3429,6863.jpg,6863.npy
3430,6868.jpg,6868.npy
3431,7040.jpg,7040.npy
3432,6930.jpg,6930.npy
3433,6806.jpg,6806.npy
3434,7551.jpg,7551.npy
3435,6848.jpg,6848.npy
3436,7182.jpg,7182.npy
3437,7515.jpg,7515.npy
3438,7243.jpg,7243.npy
3439,7422.jpg,7422.npy
3440,7594.jpg,7594.npy
3441,6902.jpg,6902.npy
3442,7091.jpg,7091.npy
3443,7680.jpg,7680.npy
3444,7698.jpg,7698.npy
3445,6726.jpg,6726.npy
3446,7234.jpg,7234.npy
3447,7624.jpg,7624.npy
3448,6961.jpg,6961.npy
3449,7267.jpg,7267.npy
3450,7021.jpg,7021.npy
3451,7252.jpg,7252.npy
3452,7014.jpg,7014.npy
3453,7135.jpg,7135.npy
3454,6984.jpg,6984.npy
3455,7236.jpg,7236.npy
3456,7099.jpg,7099.npy
3457,7451.jpg,7451.npy
3458,6895.jpg,6895.npy
3459,7300.jpg,7300.npy
3460,7152.jpg,7152.npy
3461,6940.jpg,6940.npy
3462,7036.jpg,7036.npy
3463,6723.jpg,6723.npy
3464,7064.jpg,7064.npy
3465,7648.jpg,7648.npy
3466,7476.jpg,7476.npy
3467,7212.jpg,7212.npy
3468,7093.jpg,7093.npy
3469,7684.jpg,7684.npy
3470,7162.jpg,7162.npy
3471,6820.jpg,6820.npy
3472,6894.jpg,6894.npy
3473,7045.jpg,7045.npy
3474,7674.jpg,7674.npy
3475,6881.jpg,6881.npy
3476,7712.jpg,7712.npy
3477,7139.jpg,7139.npy
3478,7087.jpg,7087.npy
3479,7623.jpg,7623.npy
3480,7137.jpg,7137.npy
3481,6910.jpg,6910.npy
3482,7642.jpg,7642.npy
3483,7323.jpg,7323.npy
3484,6978.jpg,6978.npy
3485,7681.jpg,7681.npy
3486,7110.jpg,7110.npy
3487,6795.jpg,6795.npy
3488,7492.jpg,7492.npy
3489,6807.jpg,6807.npy
3490,7380.jpg,7380.npy
3491,7570.jpg,7570.npy
3492,6718.jpg,6718.npy
3493,6941.jpg,6941.npy
3494,6791.jpg,6791.npy
3495,6905.jpg,6905.npy
3496,7094.jpg,7094.npy
3497,6891.jpg,6891.npy
3498,7199.jpg,7199.npy
3499,6821.jpg,6821.npy
3500,7502.jpg,7502.npy
3501,7430.jpg,7430.npy
3502,7377.jpg,7377.npy
3503,7333.jpg,7333.npy
3504,7009.jpg,7009.npy
3505,7354.jpg,7354.npy
3506,6773.jpg,6773.npy
3507,7041.jpg,7041.npy
3508,6977.jpg,6977.npy
3509,7616.jpg,7616.npy
3510,6947.jpg,6947.npy
3511,6987.jpg,6987.npy
3512,7264.jpg,7264.npy
3513,7127.jpg,7127.npy
3514,6724.jpg,6724.npy
3515,7516.jpg,7516.npy
3516,7113.jpg,7113.npy
3517,7231.jpg,7231.npy
3518,6759.jpg,6759.npy
3519,6797.jpg,6797.npy
3520,6832.jpg,6832.npy
3521,7058.jpg,7058.npy
3522,6854.jpg,6854.npy
3523,7631.jpg,7631.npy
3524,7556.jpg,7556.npy
3525,7157.jpg,7157.npy
3526,7217.jpg,7217.npy
3527,7499.jpg,7499.npy
3528,7372.jpg,7372.npy
3529,7165.jpg,7165.npy
3530,7325.jpg,7325.npy
3531,7394.jpg,7394.npy
3532,6737.jpg,6737.npy
3533,7055.jpg,7055.npy
3534,7509.jpg,7509.npy
3535,7374.jpg,7374.npy
3536,7618.jpg,7618.npy
3537,7587.jpg,7587.npy
3538,6819.jpg,6819.npy
3539,6758.jpg,6758.npy
3540,7163.jpg,7163.npy
3541,7702.jpg,7702.npy
3542,7533.jpg,7533.npy
3543,7245.jpg,7245.npy
3544,7392.jpg,7392.npy
3545,6946.jpg,6946.npy
3546,7001.jpg,7001.npy
3547,7081.jpg,7081.npy
3548,7241.jpg,7241.npy
3549,7414.jpg,7414.npy
3550,7105.jpg,7105.npy
3551,6768.jpg,6768.npy
3552,7084.jpg,7084.npy
3553,6933.jpg,6933.npy
3554,7427.jpg,7427.npy
3555,7203.jpg,7203.npy
3556,7508.jpg,7508.npy
3557,6991.jpg,6991.npy
3558,7613.jpg,7613.npy
3559,7706.jpg,7706.npy
3560,7460.jpg,7460.npy
3561,7225.jpg,7225.npy
3562,6824.jpg,6824.npy
3563,7207.jpg,7207.npy
3564,7704.jpg,7704.npy
3565,7288.jpg,7288.npy
3566,7061.jpg,7061.npy
3567,7399.jpg,7399.npy
3568,6995.jpg,6995.npy
3569,7299.jpg,7299.npy
3570,7190.jpg,7190.npy
3571,6909.jpg,6909.npy
3572,7187.jpg,7187.npy
3573,7290.jpg,7290.npy
3574,7085.jpg,7085.npy
3575,7584.jpg,7584.npy
3576,7404.jpg,7404.npy
3577,7383.jpg,7383.npy
3578,6841.jpg,6841.npy
3579,6890.jpg,6890.npy
3580,7191.jpg,7191.npy
3581,7513.jpg,7513.npy
3582,7431.jpg,7431.npy
3583,7667.jpg,7667.npy
3584,7309.jpg,7309.npy
3585,7297.jpg,7297.npy
3586,7494.jpg,7494.npy
3587,7018.jpg,7018.npy
3588,7448.jpg,7448.npy
3589,7237.jpg,7237.npy
3590,7446.jpg,7446.npy
3591,7020.jpg,7020.npy
3592,7086.jpg,7086.npy
3593,7016.jpg,7016.npy
3594,7482.jpg,7482.npy
3595,6777.jpg,6777.npy
3596,6914.jpg,6914.npy
3597,7259.jpg,7259.npy
3598,7375.jpg,7375.npy
3599,7686.jpg,7686.npy
3600,6716.jpg,6716.npy
3601,7457.jpg,7457.npy
3602,6900.jpg,6900.npy
3603,7606.jpg,7606.npy
3604,6864.jpg,6864.npy
3605,7578.jpg,7578.npy
3606,7306.jpg,7306.npy
3607,7519.jpg,7519.npy
3608,7576.jpg,7576.npy
3609,7104.jpg,7104.npy
3610,7647.jpg,7647.npy
3611,6830.jpg,6830.npy
3612,7287.jpg,7287.npy
3613,7349.jpg,7349.npy
3614,7204.jpg,7204.npy
3615,6888.jpg,6888.npy
3616,7183.jpg,7183.npy
3617,6793.jpg,6793.npy
3618,6934.jpg,6934.npy
3619,7111.jpg,7111.npy
3620,7178.jpg,7178.npy
3621,7445.jpg,7445.npy
3622,7138.jpg,7138.npy
3623,7321.jpg,7321.npy
3624,7292.jpg,7292.npy
3625,7419.jpg,7419.npy
3626,6907.jpg,6907.npy
3627,6799.jpg,6799.npy
3628,7132.jpg,7132.npy
3629,7286.jpg,7286.npy
3630,7022.jpg,7022.npy
3631,7215.jpg,7215.npy
3632,7579.jpg,7579.npy
3633,7364.jpg,7364.npy
3634,7037.jpg,7037.npy
3635,6845.jpg,6845.npy
3636,6884.jpg,6884.npy
3637,7406.jpg,7406.npy
3638,7179.jpg,7179.npy
3639,7517.jpg,7517.npy
3640,7577.jpg,7577.npy
3641,7083.jpg,7083.npy
3642,7471.jpg,7471.npy
3643,6738.jpg,6738.npy
3644,7630.jpg,7630.npy
3645,7307.jpg,7307.npy
3646,7066.jpg,7066.npy
3647,6800.jpg,6800.npy
3648,6770.jpg,6770.npy
3649,7534.jpg,7534.npy
3650,7632.jpg,7632.npy
3651,7291.jpg,7291.npy
3652,7450.jpg,7450.npy
3653,7070.jpg,7070.npy
3654,6802.jpg,6802.npy
3655,7444.jpg,7444.npy
3656,6862.jpg,6862.npy
3657,7382.jpg,7382.npy
3658,7362.jpg,7362.npy
